,x0,x1,x2,x3,x4,x5,x6,x7,x8,x9,y
0,0.0,1.0,1.0,1.0,1.0,0.0,0.0,1.0,1.0,0.0,6.0
1,1.0,0.0,1.0,1.0,0.0,0.0,0.0,1.0,0.0,1.0,5.0
2,1.0,1.0,1.0,1.0,0.0,0.0,0.0,1.0,1.0,0.0,6.0
3,1.0,1.0,0.0,1.0,0.0,0.0,0.0,1.0,0.0,0.0,4.0
4,0.0,0.0,1.0,0.0,0.0,1.0,1.0,1.0,1.0,1.0,6.0
5,0.0,1.0,1.0,0.0,1.0,1.0,1.0,0.0,1.0,1.0,7.0
6,0.0,0.0,1.0,1.0,0.0,0.0,0.0,1.0,0.0,1.0,4.0
7,1.0,1.0,1.0,0.0,0.0,0.0,1.0,0.0,0.0,1.0,5.0
8,0.0,0.0,1.0,1.0,1.0,1.0,1.0,0.0,0.0,0.0,5.0
9,0.0,0.0,1.0,0.0,0.0,0.0,1.0,1.0,0.0,1.0,4.0
10,0.0,0.0,0.0,0.0,1.0,1.0,1.0,1.0,0.0,0.0,4.0
11,1.0,1.0,0.0,0.0,0.0,1.0,0.0,1.0,0.0,1.0,5.0
12,1.0,0.0,1.0,1.0,1.0,1.0,1.0,0.0,1.0,1.0,8.0
13,1.0,0.0,0.0,0.0,1.0,1.0,1.0,0.0,0.0,1.0,5.0
14,1.0,0.0,1.0,1.0,1.0,1.0,1.0,1.0,0.0,0.0,7.0
15,0.0,0.0,0.0,1.0,0.0,0.0,0.0,0.0,0.0,1.0,2.0
16,1.0,0.0,1.0,1.0,0.0,1.0,0.0,0.0,1.0,1.0,6.0
17,0.0,1.0,1.0,1.0,0.0,1.0,1.0,1.0,0.0,1.0,7.0
18,1.0,1.0,1.0,0.0,1.0,0.0,0.0,1.0,1.0,1.0,7.0
19,0.0,1.0,0.0,0.0,1.0,0.0,1.0,1.0,1.0,1.0,6.0
20,0.0,1.0,0.0,1.0,0.0,1.0,1.0,0.0,0.0,0.0,4.0
21,0.0,1.0,0.0,1.0,1.0,1.0,1.0,0.0,1.0,1.0,7.0
22,1.0,1.0,1.0,1.0,0.0,1.0,1.0,1.0,0.0,1.0,8.0
23,0.0,0.0,0.0,0.0,1.0,1.0,0.0,0.0,1.0,0.0,3.0
24,1.0,1.0,0.0,0.0,0.0,0.0,1.0,1.0,0.0,0.0,4.0
25,0.0,0.0,1.0,0.0,0.0,1.0,1.0,0.0,0.0,1.0,4.0
26,1.0,0.0,1.0,1.0,1.0,0.0,0.0,1.0,0.0,0.0,5.0
27,1.0,0.0,1.0,1.0,0.0,0.0,0.0,0.0,1.0,0.0,4.0
28,1.0,1.0,1.0,0.0,1.0,1.0,0.0,1.0,1.0,0.0,7.0
29,1.0,1.0,0.0,1.0,0.0,1.0,0.0,1.0,0.0,0.0,5.0
30,0.0,1.0,1.0,1.0,0.0,1.0,1.0,0.0,1.0,1.0,7.0
31,0.0,0.0,1.0,1.0,1.0,0.0,1.0,0.0,1.0,1.0,6.0
32,0.0,0.0,0.0,1.0,0.0,0.0,0.0,1.0,0.0,1.0,3.0
33,0.0,0.0,0.0,0.0,0.0,1.0,0.0,1.0,0.0,1.0,3.0
34,0.0,1.0,1.0,1.0,1.0,1.0,1.0,1.0,1.0,1.0,9.0
35,1.0,0.0,0.0,1.0,0.0,0.0,1.0,0.0,0.0,1.0,4.0
36,0.0,1.0,1.0,1.0,0.0,0.0,0.0,1.0,1.0,1.0,6.0
37,0.0,1.0,0.0,0.0,1.0,0.0,1.0,1.0,0.0,0.0,4.0
38,0.0,1.0,0.0,1.0,0.0,1.0,0.0,1.0,1.0,0.0,5.0
39,1.0,1.0,1.0,0.0,0.0,0.0,0.0,0.0,0.0,1.0,4.0
40,0.0,1.0,1.0,1.0,1.0,0.0,0.0,1.0,1.0,1.0,7.0
41,1.0,0.0,0.0,0.0,1.0,1.0,0.0,0.0,0.0,1.0,4.0
42,0.0,0.0,0.0,1.0,0.0,0.0,1.0,0.0,0.0,1.0,3.0
43,1.0,0.0,0.0,0.0,0.0,0.0,1.0,1.0,0.0,1.0,4.0
44,0.0,0.0,1.0,1.0,1.0,1.0,0.0,0.0,1.0,0.0,5.0
45,0.0,1.0,0.0,0.0,0.0,0.0,0.0,1.0,0.0,0.0,2.0
46,0.0,1.0,0.0,0.0,0.0,0.0,0.0,0.0,0.0,1.0,2.0
47,0.0,0.0,0.0,1.0,1.0,0.0,1.0,1.0,1.0,1.0,6.0
48,1.0,1.0,1.0,1.0,1.0,1.0,0.0,1.0,1.0,0.0,8.0
49,0.0,0.0,1.0,0.0,1.0,1.0,0.0,1.0,0.0,0.0,4.0
50,0.0,0.0,0.0,0.0,0.0,1.0,1.0,1.0,0.0,1.0,4.0
51,0.0,0.0,0.0,0.0,0.0,0.0,1.0,1.0,1.0,0.0,3.0
52,0.0,0.0,0.0,0.0,1.0,1.0,1.0,0.0,1.0,0.0,4.0
53,0.0,0.0,0.0,1.0,1.0,0.0,0.0,0.0,0.0,0.0,2.0
54,0.0,0.0,1.0,0.0,0.0,0.0,1.0,1.0,1.0,0.0,4.0
55,1.0,1.0,1.0,1.0,0.0,1.0,0.0,0.0,0.0,1.0,6.0
56,0.0,0.0,1.0,0.0,0.0,1.0,0.0,1.0,0.0,0.0,3.0
57,1.0,0.0,0.0,0.0,0.0,1.0,0.0,0.0,0.0,0.0,2.0
58,0.0,0.0,1.0,1.0,1.0,1.0,1.0,1.0,0.0,1.0,7.0
59,0.0,1.0,0.0,0.0,0.0,1.0,0.0,1.0,0.0,0.0,3.0
60,0.0,0.0,1.0,1.0,0.0,0.0,1.0,1.0,1.0,0.0,5.0
61,0.0,1.0,1.0,1.0,1.0,0.0,1.0,1.0,0.0,0.0,6.0
62,0.0,0.0,1.0,1.0,0.0,0.0,0.0,1.0,1.0,1.0,5.0
63,0.0,1.0,1.0,1.0,0.0,0.0,1.0,1.0,0.0,1.0,6.0
64,1.0,1.0,0.0,0.0,1.0,1.0,0.0,1.0,0.0,0.0,5.0
65,0.0,1.0,1.0,1.0,1.0,1.0,1.0,0.0,0.0,0.0,6.0
66,0.0,1.0,0.0,0.0,1.0,1.0,1.0,1.0,0.0,0.0,5.0
67,0.0,1.0,0.0,1.0,0.0,1.0,0.0,0.0,0.0,0.0,3.0
68,1.0,1.0,1.0,0.0,0.0,1.0,1.0,1.0,0.0,0.0,6.0
69,0.0,1.0,0.0,0.0,1.0,0.0,0.0,0.0,0.0,1.0,3.0
70,0.0,0.0,1.0,1.0,1.0,1.0,0.0,0.0,0.0,0.0,4.0
71,1.0,1.0,0.0,1.0,1.0,0.0,0.0,1.0,1.0,1.0,7.0
72,0.0,0.0,1.0,0.0,1.0,1.0,0.0,1.0,1.0,0.0,5.0
73,1.0,1.0,0.0,1.0,0.0,0.0,0.0,1.0,0.0,0.0,4.0
74,0.0,1.0,1.0,0.0,1.0,0.0,1.0,0.0,0.0,1.0,5.0
75,1.0,1.0,1.0,0.0,0.0,1.0,0.0,1.0,1.0,0.0,6.0
76,0.0,1.0,0.0,1.0,1.0,0.0,1.0,0.0,0.0,0.0,4.0
77,1.0,1.0,1.0,1.0,1.0,1.0,1.0,0.0,1.0,0.0,8.0
78,0.0,1.0,1.0,1.0,0.0,1.0,0.0,0.0,1.0,0.0,5.0
79,0.0,0.0,1.0,1.0,0.0,0.0,0.0,0.0,1.0,1.0,4.0
80,0.0,1.0,1.0,0.0,0.0,0.0,0.0,1.0,0.0,0.0,3.0
81,1.0,1.0,1.0,0.0,0.0,1.0,1.0,0.0,1.0,0.0,6.0
82,1.0,1.0,0.0,0.0,0.0,0.0,1.0,0.0,1.0,0.0,4.0
83,0.0,0.0,0.0,1.0,1.0,1.0,1.0,1.0,0.0,1.0,6.0
84,0.0,1.0,1.0,1.0,1.0,0.0,1.0,1.0,0.0,0.0,6.0
85,0.0,0.0,0.0,1.0,0.0,0.0,0.0,0.0,1.0,1.0,3.0
86,1.0,1.0,1.0,1.0,1.0,0.0,0.0,0.0,0.0,1.0,6.0
87,0.0,1.0,1.0,1.0,1.0,1.0,0.0,0.0,1.0,0.0,6.0
88,1.0,1.0,0.0,0.0,0.0,0.0,0.0,0.0,0.0,1.0,3.0
89,1.0,1.0,0.0,0.0,1.0,0.0,1.0,1.0,0.0,1.0,6.0
90,0.0,0.0,1.0,0.0,0.0,0.0,1.0,1.0,0.0,1.0,4.0
91,0.0,1.0,1.0,0.0,0.0,1.0,0.0,0.0,1.0,1.0,5.0
92,1.0,0.0,1.0,1.0,0.0,0.0,0.0,1.0,1.0,0.0,5.0
93,0.0,0.0,1.0,1.0,0.0,1.0,0.0,1.0,1.0,1.0,6.0
94,0.0,0.0,0.0,1.0,0.0,1.0,1.0,1.0,1.0,1.0,6.0
95,1.0,0.0,1.0,0.0,1.0,0.0,0.0,1.0,1.0,1.0,6.0
96,0.0,1.0,0.0,1.0,0.0,0.0,0.0,0.0,0.0,1.0,3.0
97,0.0,0.0,0.0,0.0,1.0,0.0,1.0,1.0,1.0,1.0,5.0
98,1.0,1.0,1.0,1.0,1.0,1.0,1.0,1.0,0.0,1.0,9.0
99,0.0,1.0,0.0,0.0,1.0,0.0,0.0,0.0,1.0,1.0,4.0
100,0.0,1.0,0.0,1.0,1.0,0.0,1.0,0.0,1.0,1.0,6.0
101,0.0,0.0,1.0,1.0,0.0,1.0,0.0,0.0,1.0,1.0,5.0
102,1.0,0.0,1.0,1.0,0.0,0.0,0.0,0.0,1.0,0.0,4.0
103,0.0,1.0,0.0,0.0,0.0,1.0,0.0,1.0,1.0,0.0,4.0
104,0.0,1.0,1.0,0.0,0.0,0.0,1.0,1.0,1.0,0.0,5.0
105,1.0,1.0,0.0,1.0,1.0,1.0,0.0,1.0,1.0,0.0,7.0
106,1.0,0.0,1.0,0.0,0.0,0.0,0.0,0.0,1.0,0.0,3.0
107,1.0,1.0,0.0,0.0,0.0,1.0,1.0,0.0,1.0,0.0,5.0
108,1.0,0.0,1.0,0.0,1.0,1.0,0.0,0.0,1.0,1.0,6.0
109,0.0,1.0,0.0,0.0,1.0,1.0,1.0,1.0,0.0,0.0,5.0
110,1.0,0.0,0.0,1.0,0.0,0.0,1.0,0.0,0.0,0.0,3.0
111,0.0,0.0,0.0,0.0,1.0,1.0,1.0,0.0,0.0,1.0,4.0
112,0.0,0.0,1.0,0.0,1.0,0.0,1.0,1.0,1.0,1.0,6.0
113,0.0,0.0,1.0,0.0,1.0,1.0,1.0,0.0,0.0,0.0,4.0
114,1.0,0.0,0.0,1.0,0.0,1.0,1.0,1.0,1.0,0.0,6.0
115,1.0,0.0,1.0,0.0,0.0,0.0,0.0,0.0,1.0,1.0,4.0
116,0.0,1.0,1.0,0.0,0.0,0.0,0.0,0.0,1.0,1.0,4.0
117,1.0,1.0,0.0,0.0,1.0,1.0,0.0,1.0,1.0,0.0,6.0
118,1.0,0.0,0.0,1.0,1.0,0.0,0.0,0.0,1.0,0.0,4.0
119,1.0,1.0,1.0,0.0,1.0,0.0,0.0,1.0,0.0,1.0,6.0
120,1.0,0.0,1.0,1.0,1.0,0.0,1.0,1.0,0.0,1.0,7.0
121,0.0,0.0,0.0,1.0,1.0,1.0,1.0,1.0,0.0,1.0,6.0
122,1.0,0.0,1.0,1.0,0.0,0.0,1.0,1.0,0.0,0.0,5.0
123,0.0,1.0,1.0,1.0,0.0,1.0,1.0,0.0,1.0,0.0,6.0
124,0.0,0.0,0.0,0.0,1.0,1.0,1.0,0.0,1.0,0.0,4.0
125,1.0,1.0,0.0,0.0,0.0,1.0,0.0,0.0,0.0,1.0,4.0
126,1.0,0.0,0.0,1.0,1.0,1.0,0.0,0.0,1.0,1.0,6.0
127,0.0,0.0,0.0,0.0,0.0,0.0,0.0,1.0,0.0,1.0,2.0
128,1.0,0.0,1.0,1.0,1.0,1.0,0.0,1.0,0.0,1.0,7.0
129,0.0,1.0,1.0,0.0,1.0,0.0,1.0,0.0,1.0,1.0,6.0
130,1.0,1.0,0.0,1.0,0.0,1.0,0.0,0.0,0.0,0.0,4.0
131,0.0,1.0,0.0,1.0,0.0,1.0,0.0,0.0,1.0,0.0,4.0
132,1.0,1.0,1.0,0.0,1.0,1.0,0.0,1.0,0.0,0.0,6.0
133,1.0,0.0,1.0,1.0,1.0,1.0,1.0,1.0,0.0,1.0,8.0
134,0.0,0.0,0.0,0.0,1.0,1.0,0.0,0.0,1.0,1.0,4.0
135,0.0,0.0,0.0,1.0,0.0,1.0,0.0,0.0,1.0,0.0,3.0
136,1.0,0.0,0.0,0.0,1.0,1.0,0.0,0.0,1.0,1.0,5.0
137,1.0,1.0,1.0,0.0,0.0,1.0,0.0,1.0,0.0,0.0,5.0
138,0.0,0.0,1.0,0.0,1.0,0.0,1.0,0.0,1.0,0.0,4.0
139,0.0,0.0,1.0,0.0,0.0,0.0,1.0,0.0,0.0,1.0,3.0
140,0.0,1.0,1.0,0.0,1.0,0.0,0.0,1.0,0.0,1.0,5.0
141,1.0,1.0,1.0,0.0,1.0,0.0,1.0,1.0,1.0,1.0,8.0
142,1.0,1.0,0.0,1.0,1.0,0.0,1.0,1.0,1.0,0.0,7.0
143,0.0,1.0,1.0,0.0,1.0,1.0,1.0,1.0,1.0,1.0,8.0
144,0.0,1.0,1.0,0.0,1.0,1.0,0.0,0.0,0.0,1.0,5.0
145,0.0,0.0,1.0,0.0,1.0,1.0,0.0,1.0,0.0,1.0,5.0
146,1.0,1.0,1.0,0.0,1.0,0.0,0.0,1.0,1.0,0.0,6.0
147,0.0,0.0,0.0,0.0,1.0,0.0,0.0,0.0,1.0,1.0,3.0
148,1.0,0.0,0.0,1.0,0.0,0.0,0.0,0.0,1.0,0.0,3.0
149,0.0,1.0,1.0,0.0,1.0,1.0,0.0,0.0,0.0,0.0,4.0
150,1.0,0.0,1.0,1.0,1.0,1.0,0.0,0.0,1.0,0.0,6.0
151,1.0,0.0,1.0,1.0,1.0,0.0,1.0,0.0,0.0,1.0,6.0
152,0.0,1.0,0.0,1.0,0.0,0.0,1.0,1.0,1.0,1.0,6.0
153,0.0,0.0,1.0,1.0,0.0,1.0,0.0,1.0,0.0,1.0,5.0
154,1.0,0.0,0.0,1.0,1.0,0.0,0.0,0.0,1.0,1.0,5.0
155,1.0,0.0,0.0,0.0,0.0,0.0,0.0,1.0,0.0,1.0,3.0
156,1.0,1.0,1.0,1.0,1.0,0.0,1.0,0.0,0.0,0.0,6.0
157,0.0,0.0,1.0,0.0,0.0,0.0,0.0,1.0,1.0,1.0,4.0
158,0.0,1.0,0.0,0.0,1.0,1.0,0.0,0.0,1.0,1.0,5.0
159,0.0,1.0,1.0,1.0,0.0,0.0,0.0,1.0,0.0,1.0,5.0
160,1.0,1.0,1.0,1.0,1.0,0.0,0.0,0.0,1.0,1.0,7.0
161,0.0,1.0,0.0,0.0,1.0,0.0,1.0,0.0,0.0,0.0,3.0
162,1.0,1.0,1.0,0.0,1.0,1.0,0.0,1.0,0.0,1.0,7.0
163,0.0,1.0,1.0,0.0,0.0,0.0,1.0,0.0,1.0,0.0,4.0
164,1.0,0.0,0.0,1.0,0.0,0.0,0.0,1.0,1.0,1.0,5.0
165,0.0,1.0,1.0,0.0,0.0,1.0,1.0,1.0,1.0,0.0,6.0
166,0.0,1.0,0.0,0.0,0.0,0.0,1.0,1.0,0.0,0.0,3.0
167,0.0,1.0,0.0,1.0,0.0,1.0,0.0,1.0,1.0,0.0,5.0
168,0.0,1.0,1.0,0.0,0.0,0.0,0.0,0.0,1.0,1.0,4.0
169,0.0,0.0,1.0,1.0,1.0,0.0,1.0,1.0,0.0,0.0,5.0
170,1.0,0.0,1.0,1.0,0.0,0.0,0.0,1.0,1.0,0.0,5.0
171,0.0,0.0,1.0,1.0,0.0,0.0,1.0,0.0,1.0,1.0,5.0
172,0.0,1.0,0.0,0.0,0.0,1.0,1.0,1.0,1.0,0.0,5.0
173,1.0,0.0,0.0,0.0,1.0,1.0,0.0,1.0,0.0,1.0,5.0
174,1.0,0.0,0.0,1.0,1.0,0.0,0.0,0.0,1.0,0.0,4.0
175,0.0,0.0,1.0,1.0,0.0,1.0,1.0,0.0,1.0,0.0,5.0
176,0.0,1.0,0.0,1.0,0.0,1.0,0.0,1.0,0.0,1.0,5.0
177,1.0,0.0,1.0,0.0,1.0,1.0,1.0,1.0,1.0,1.0,8.0
178,0.0,0.0,1.0,1.0,1.0,0.0,1.0,1.0,0.0,0.0,5.0
179,0.0,0.0,1.0,0.0,1.0,1.0,1.0,1.0,1.0,1.0,7.0
180,0.0,1.0,1.0,0.0,1.0,0.0,1.0,1.0,1.0,1.0,7.0
181,1.0,1.0,0.0,1.0,1.0,1.0,1.0,0.0,1.0,1.0,8.0
182,1.0,1.0,0.0,0.0,0.0,1.0,1.0,0.0,0.0,1.0,5.0
183,1.0,1.0,0.0,0.0,1.0,0.0,0.0,0.0,0.0,1.0,4.0
184,1.0,0.0,1.0,1.0,0.0,0.0,0.0,1.0,0.0,0.0,4.0
185,1.0,1.0,0.0,0.0,1.0,1.0,0.0,1.0,0.0,0.0,5.0
186,1.0,0.0,0.0,1.0,0.0,1.0,1.0,1.0,0.0,0.0,5.0
187,1.0,0.0,1.0,1.0,1.0,0.0,0.0,0.0,0.0,1.0,5.0
188,1.0,1.0,1.0,1.0,1.0,0.0,1.0,0.0,0.0,1.0,7.0
189,1.0,1.0,0.0,1.0,1.0,0.0,1.0,1.0,0.0,1.0,7.0
190,0.0,1.0,0.0,1.0,1.0,1.0,0.0,0.0,1.0,1.0,6.0
191,1.0,0.0,1.0,0.0,0.0,1.0,1.0,1.0,0.0,1.0,6.0
192,0.0,1.0,1.0,1.0,1.0,0.0,1.0,0.0,1.0,0.0,6.0
193,0.0,1.0,0.0,0.0,0.0,1.0,0.0,0.0,1.0,0.0,3.0
194,1.0,0.0,1.0,1.0,0.0,1.0,1.0,1.0,1.0,1.0,8.0
195,1.0,0.0,0.0,0.0,0.0,1.0,0.0,1.0,0.0,0.0,3.0
196,0.0,1.0,1.0,0.0,1.0,1.0,0.0,0.0,1.0,0.0,5.0
197,0.0,0.0,0.0,1.0,1.0,0.0,1.0,0.0,0.0,1.0,4.0
198,1.0,1.0,0.0,0.0,1.0,0.0,1.0,1.0,0.0,0.0,5.0
199,1.0,1.0,0.0,0.0,0.0,0.0,0.0,0.0,1.0,1.0,4.0
200,0.0,0.0,0.0,1.0,1.0,0.0,1.0,1.0,0.0,1.0,5.0
201,1.0,1.0,1.0,1.0,1.0,1.0,1.0,1.0,0.0,1.0,9.0
202,0.0,1.0,0.0,1.0,0.0,0.0,0.0,0.0,1.0,0.0,3.0
203,0.0,0.0,1.0,1.0,0.0,0.0,0.0,1.0,1.0,1.0,5.0
204,0.0,1.0,1.0,0.0,1.0,1.0,0.0,0.0,1.0,1.0,6.0
205,1.0,0.0,0.0,1.0,1.0,0.0,1.0,1.0,0.0,1.0,6.0
206,0.0,1.0,1.0,0.0,0.0,1.0,1.0,0.0,1.0,1.0,6.0
207,1.0,0.0,1.0,0.0,1.0,1.0,1.0,0.0,1.0,0.0,6.0
208,1.0,1.0,0.0,1.0,0.0,0.0,1.0,0.0,1.0,1.0,6.0
209,1.0,1.0,0.0,0.0,0.0,1.0,1.0,1.0,1.0,1.0,7.0
210,1.0,1.0,1.0,1.0,1.0,0.0,1.0,1.0,0.0,1.0,8.0
211,1.0,1.0,0.0,0.0,0.0,1.0,0.0,0.0,0.0,1.0,4.0
212,0.0,0.0,1.0,1.0,1.0,0.0,0.0,0.0,1.0,1.0,5.0
213,0.0,0.0,0.0,0.0,1.0,0.0,0.0,1.0,0.0,0.0,2.0
214,0.0,0.0,0.0,0.0,0.0,0.0,1.0,1.0,0.0,0.0,2.0
215,1.0,0.0,1.0,0.0,0.0,0.0,0.0,0.0,1.0,1.0,4.0
216,0.0,0.0,0.0,0.0,1.0,1.0,1.0,0.0,1.0,0.0,4.0
217,1.0,0.0,1.0,1.0,1.0,1.0,0.0,1.0,0.0,0.0,6.0
218,0.0,0.0,0.0,0.0,1.0,0.0,0.0,1.0,0.0,0.0,2.0
219,0.0,0.0,1.0,1.0,0.0,0.0,1.0,1.0,1.0,1.0,6.0
220,0.0,0.0,1.0,0.0,1.0,1.0,0.0,1.0,0.0,1.0,5.0
221,0.0,1.0,1.0,0.0,0.0,1.0,0.0,0.0,0.0,0.0,3.0
222,0.0,0.0,1.0,1.0,0.0,1.0,1.0,0.0,1.0,1.0,6.0
223,1.0,1.0,0.0,0.0,0.0,1.0,0.0,0.0,0.0,1.0,4.0
224,0.0,1.0,1.0,0.0,0.0,1.0,1.0,0.0,0.0,1.0,5.0
225,1.0,0.0,0.0,1.0,0.0,0.0,0.0,0.0,1.0,0.0,3.0
226,0.0,0.0,0.0,0.0,1.0,1.0,1.0,1.0,1.0,0.0,5.0
227,1.0,0.0,0.0,1.0,1.0,1.0,1.0,1.0,1.0,0.0,7.0
228,1.0,1.0,1.0,1.0,1.0,0.0,0.0,0.0,0.0,0.0,5.0
229,0.0,0.0,1.0,0.0,1.0,1.0,0.0,1.0,0.0,1.0,5.0
230,1.0,1.0,1.0,0.0,1.0,1.0,1.0,0.0,1.0,1.0,8.0
231,1.0,0.0,0.0,0.0,0.0,1.0,0.0,1.0,0.0,1.0,4.0
232,1.0,0.0,0.0,0.0,1.0,1.0,1.0,0.0,0.0,1.0,5.0
233,1.0,1.0,0.0,0.0,0.0,0.0,1.0,0.0,0.0,0.0,3.0
234,1.0,1.0,1.0,0.0,0.0,1.0,1.0,0.0,1.0,1.0,7.0
235,1.0,0.0,1.0,1.0,1.0,1.0,1.0,1.0,1.0,0.0,8.0
236,0.0,0.0,1.0,0.0,0.0,1.0,1.0,1.0,0.0,1.0,5.0
237,1.0,1.0,0.0,0.0,1.0,0.0,1.0,0.0,1.0,0.0,5.0
238,0.0,1.0,0.0,0.0,0.0,0.0,0.0,0.0,0.0,1.0,2.0
239,1.0,0.0,1.0,0.0,0.0,0.0,1.0,0.0,1.0,1.0,5.0
240,1.0,1.0,1.0,1.0,1.0,0.0,0.0,0.0,0.0,0.0,5.0
241,0.0,1.0,1.0,0.0,1.0,0.0,0.0,0.0,1.0,1.0,5.0
242,0.0,1.0,0.0,0.0,1.0,1.0,1.0,0.0,1.0,0.0,5.0
243,1.0,1.0,0.0,0.0,0.0,1.0,0.0,1.0,1.0,1.0,6.0
244,0.0,0.0,1.0,0.0,0.0,1.0,0.0,1.0,1.0,0.0,4.0
245,1.0,0.0,1.0,1.0,1.0,1.0,1.0,1.0,0.0,1.0,8.0
246,0.0,1.0,1.0,0.0,1.0,0.0,1.0,0.0,1.0,0.0,5.0
247,0.0,1.0,0.0,0.0,1.0,1.0,0.0,1.0,0.0,1.0,5.0
248,0.0,1.0,0.0,0.0,0.0,1.0,0.0,0.0,1.0,0.0,3.0
249,1.0,0.0,1.0,0.0,0.0,1.0,0.0,1.0,0.0,0.0,4.0
250,0.0,1.0,1.0,0.0,0.0,1.0,1.0,0.0,1.0,0.0,5.0
251,0.0,0.0,1.0,1.0,0.0,1.0,1.0,1.0,1.0,0.0,6.0
252,1.0,1.0,1.0,0.0,0.0,0.0,1.0,1.0,1.0,0.0,6.0
253,0.0,1.0,1.0,0.0,0.0,1.0,0.0,0.0,1.0,0.0,4.0
254,0.0,1.0,1.0,1.0,0.0,1.0,0.0,1.0,1.0,1.0,7.0
255,0.0,0.0,0.0,1.0,1.0,1.0,1.0,1.0,1.0,1.0,7.0
256,1.0,1.0,0.0,0.0,0.0,0.0,1.0,1.0,0.0,0.0,4.0
257,0.0,1.0,0.0,0.0,0.0,0.0,1.0,1.0,1.0,0.0,4.0
258,1.0,1.0,1.0,1.0,0.0,0.0,0.0,0.0,0.0,0.0,4.0
259,0.0,1.0,0.0,0.0,0.0,0.0,0.0,0.0,1.0,0.0,2.0
260,0.0,1.0,1.0,0.0,1.0,0.0,0.0,0.0,1.0,0.0,4.0
261,1.0,0.0,0.0,0.0,1.0,0.0,1.0,1.0,0.0,0.0,4.0
262,0.0,0.0,0.0,1.0,0.0,0.0,0.0,1.0,1.0,0.0,3.0
263,0.0,0.0,0.0,0.0,0.0,1.0,1.0,0.0,0.0,1.0,3.0
264,0.0,1.0,1.0,1.0,0.0,0.0,1.0,0.0,0.0,0.0,4.0
265,1.0,1.0,0.0,0.0,1.0,0.0,1.0,0.0,0.0,1.0,5.0
266,0.0,1.0,0.0,0.0,1.0,1.0,0.0,0.0,0.0,1.0,4.0
267,0.0,1.0,0.0,1.0,1.0,1.0,0.0,0.0,1.0,0.0,5.0
268,0.0,1.0,1.0,1.0,1.0,0.0,1.0,0.0,0.0,1.0,6.0
269,0.0,1.0,1.0,1.0,0.0,0.0,0.0,1.0,0.0,0.0,4.0
270,1.0,1.0,1.0,1.0,0.0,1.0,0.0,1.0,0.0,0.0,6.0
271,1.0,1.0,1.0,1.0,0.0,0.0,0.0,0.0,1.0,0.0,5.0
272,0.0,1.0,1.0,1.0,1.0,0.0,0.0,0.0,0.0,0.0,4.0
273,0.0,0.0,1.0,1.0,1.0,1.0,0.0,0.0,1.0,0.0,5.0
274,1.0,0.0,1.0,0.0,1.0,0.0,1.0,1.0,1.0,0.0,6.0
275,1.0,0.0,0.0,0.0,1.0,0.0,0.0,1.0,1.0,0.0,4.0
276,0.0,1.0,0.0,1.0,0.0,0.0,1.0,1.0,1.0,0.0,5.0
277,1.0,0.0,0.0,1.0,0.0,0.0,0.0,1.0,1.0,1.0,5.0
278,1.0,0.0,1.0,0.0,1.0,1.0,1.0,0.0,1.0,0.0,6.0
279,0.0,0.0,1.0,0.0,1.0,1.0,0.0,1.0,1.0,0.0,5.0
280,1.0,1.0,0.0,1.0,0.0,0.0,1.0,0.0,1.0,1.0,6.0
281,0.0,0.0,0.0,0.0,1.0,0.0,0.0,1.0,1.0,0.0,3.0
282,1.0,0.0,1.0,0.0,1.0,0.0,0.0,0.0,0.0,0.0,3.0
283,1.0,1.0,1.0,0.0,0.0,0.0,1.0,1.0,0.0,1.0,6.0
284,0.0,1.0,1.0,0.0,0.0,1.0,1.0,1.0,0.0,1.0,6.0
285,1.0,1.0,1.0,1.0,0.0,1.0,1.0,1.0,0.0,0.0,7.0
286,0.0,1.0,0.0,0.0,0.0,1.0,1.0,1.0,0.0,0.0,4.0
287,0.0,0.0,0.0,1.0,1.0,1.0,1.0,1.0,0.0,0.0,5.0
288,1.0,0.0,0.0,0.0,1.0,0.0,1.0,0.0,0.0,0.0,3.0
289,0.0,1.0,1.0,0.0,0.0,0.0,0.0,0.0,1.0,0.0,3.0
290,1.0,1.0,1.0,1.0,1.0,0.0,0.0,1.0,1.0,1.0,8.0
291,1.0,1.0,0.0,0.0,1.0,1.0,0.0,0.0,0.0,1.0,5.0
292,0.0,0.0,1.0,0.0,0.0,0.0,1.0,1.0,0.0,1.0,4.0
293,0.0,1.0,0.0,0.0,1.0,0.0,0.0,1.0,1.0,1.0,5.0
294,0.0,1.0,1.0,0.0,0.0,1.0,1.0,0.0,1.0,1.0,6.0
295,1.0,0.0,0.0,0.0,0.0,1.0,1.0,1.0,0.0,0.0,4.0
296,1.0,0.0,1.0,0.0,0.0,0.0,1.0,0.0,0.0,1.0,4.0
297,1.0,0.0,1.0,0.0,1.0,0.0,0.0,1.0,1.0,1.0,6.0
298,1.0,1.0,1.0,1.0,1.0,1.0,0.0,1.0,0.0,0.0,7.0
299,1.0,0.0,1.0,1.0,1.0,0.0,0.0,0.0,0.0,0.0,4.0
300,1.0,1.0,0.0,0.0,0.0,0.0,1.0,1.0,0.0,1.0,5.0
301,0.0,0.0,0.0,0.0,1.0,1.0,0.0,0.0,1.0,0.0,3.0
302,1.0,0.0,1.0,1.0,0.0,0.0,0.0,1.0,1.0,1.0,6.0
303,1.0,0.0,1.0,1.0,1.0,1.0,0.0,0.0,1.0,0.0,6.0
304,1.0,0.0,0.0,0.0,1.0,1.0,1.0,0.0,1.0,0.0,5.0
305,1.0,0.0,1.0,1.0,1.0,1.0,1.0,1.0,1.0,1.0,9.0
306,0.0,0.0,0.0,0.0,1.0,1.0,0.0,0.0,0.0,0.0,2.0
307,0.0,0.0,1.0,1.0,0.0,0.0,1.0,1.0,1.0,1.0,6.0
308,0.0,0.0,0.0,0.0,1.0,1.0,1.0,0.0,1.0,0.0,4.0
309,0.0,0.0,1.0,0.0,1.0,0.0,0.0,0.0,1.0,0.0,3.0
310,1.0,0.0,1.0,1.0,0.0,0.0,0.0,0.0,1.0,1.0,5.0
311,0.0,1.0,1.0,0.0,0.0,0.0,0.0,0.0,0.0,1.0,3.0
312,0.0,1.0,0.0,0.0,0.0,1.0,0.0,1.0,0.0,1.0,4.0
313,0.0,1.0,0.0,0.0,1.0,1.0,0.0,0.0,0.0,1.0,4.0
314,1.0,0.0,0.0,0.0,0.0,1.0,1.0,1.0,0.0,1.0,5.0
315,1.0,1.0,1.0,0.0,1.0,0.0,1.0,0.0,1.0,1.0,7.0
316,1.0,1.0,1.0,0.0,0.0,0.0,1.0,1.0,0.0,1.0,6.0
317,0.0,1.0,0.0,1.0,0.0,0.0,1.0,0.0,0.0,0.0,3.0
318,0.0,1.0,0.0,0.0,1.0,0.0,1.0,0.0,0.0,0.0,3.0
319,0.0,1.0,0.0,1.0,1.0,1.0,1.0,1.0,1.0,0.0,7.0
320,0.0,0.0,0.0,0.0,0.0,0.0,0.0,1.0,1.0,0.0,2.0
321,1.0,0.0,1.0,1.0,1.0,0.0,1.0,1.0,0.0,1.0,7.0
322,1.0,1.0,0.0,1.0,1.0,0.0,0.0,0.0,1.0,1.0,6.0
323,0.0,1.0,1.0,0.0,0.0,1.0,0.0,1.0,0.0,1.0,5.0
324,1.0,1.0,1.0,0.0,0.0,0.0,0.0,0.0,1.0,0.0,4.0
325,1.0,0.0,1.0,0.0,1.0,1.0,1.0,0.0,1.0,1.0,7.0
326,0.0,1.0,1.0,1.0,1.0,1.0,0.0,1.0,1.0,0.0,7.0
327,1.0,1.0,0.0,1.0,0.0,1.0,1.0,0.0,1.0,1.0,7.0
328,0.0,1.0,0.0,0.0,1.0,1.0,1.0,1.0,0.0,1.0,6.0
329,0.0,0.0,1.0,1.0,1.0,1.0,0.0,0.0,1.0,1.0,6.0
330,0.0,0.0,0.0,0.0,1.0,0.0,0.0,1.0,0.0,0.0,2.0
331,1.0,1.0,0.0,1.0,1.0,1.0,0.0,1.0,0.0,1.0,7.0
332,1.0,1.0,0.0,1.0,0.0,0.0,1.0,0.0,1.0,0.0,5.0
333,0.0,0.0,0.0,0.0,0.0,0.0,1.0,0.0,0.0,1.0,2.0
334,0.0,1.0,1.0,1.0,0.0,0.0,1.0,0.0,1.0,0.0,5.0
335,1.0,0.0,0.0,1.0,0.0,1.0,0.0,0.0,0.0,1.0,4.0
336,0.0,0.0,0.0,0.0,1.0,1.0,1.0,0.0,1.0,1.0,5.0
337,0.0,1.0,0.0,0.0,1.0,0.0,0.0,0.0,0.0,1.0,3.0
338,0.0,0.0,0.0,1.0,0.0,1.0,0.0,1.0,0.0,1.0,4.0
339,1.0,0.0,1.0,1.0,1.0,1.0,0.0,0.0,1.0,1.0,7.0
340,1.0,0.0,0.0,1.0,0.0,0.0,0.0,0.0,0.0,0.0,2.0
341,0.0,0.0,0.0,0.0,1.0,0.0,0.0,1.0,0.0,0.0,2.0
342,1.0,1.0,0.0,1.0,0.0,0.0,1.0,0.0,0.0,0.0,4.0
343,0.0,1.0,1.0,0.0,1.0,0.0,1.0,1.0,1.0,1.0,7.0
344,0.0,1.0,0.0,1.0,0.0,0.0,0.0,1.0,1.0,1.0,5.0
345,1.0,1.0,1.0,0.0,1.0,1.0,0.0,1.0,1.0,0.0,7.0
346,0.0,1.0,1.0,0.0,0.0,1.0,0.0,0.0,1.0,1.0,5.0
347,1.0,0.0,1.0,1.0,1.0,0.0,0.0,1.0,1.0,0.0,6.0
348,1.0,0.0,0.0,1.0,0.0,0.0,1.0,0.0,0.0,0.0,3.0
349,1.0,1.0,1.0,0.0,0.0,1.0,0.0,0.0,0.0,0.0,4.0
350,0.0,1.0,0.0,1.0,0.0,1.0,1.0,0.0,0.0,0.0,4.0
351,0.0,1.0,0.0,1.0,1.0,0.0,1.0,1.0,0.0,0.0,5.0
352,0.0,1.0,1.0,1.0,0.0,1.0,0.0,1.0,0.0,1.0,6.0
353,0.0,1.0,1.0,0.0,1.0,0.0,1.0,0.0,0.0,0.0,4.0
354,0.0,1.0,1.0,0.0,0.0,0.0,1.0,0.0,0.0,0.0,3.0
355,1.0,1.0,1.0,1.0,0.0,0.0,1.0,0.0,0.0,1.0,6.0
356,1.0,1.0,1.0,1.0,1.0,1.0,1.0,0.0,1.0,1.0,9.0
357,0.0,0.0,0.0,0.0,0.0,0.0,1.0,1.0,0.0,0.0,2.0
358,0.0,0.0,0.0,1.0,0.0,1.0,1.0,0.0,0.0,1.0,4.0
359,1.0,0.0,0.0,0.0,0.0,1.0,1.0,0.0,0.0,1.0,4.0
360,1.0,1.0,1.0,1.0,0.0,1.0,0.0,1.0,0.0,0.0,6.0
361,0.0,0.0,1.0,0.0,0.0,0.0,1.0,0.0,0.0,1.0,3.0
362,1.0,1.0,1.0,1.0,1.0,1.0,1.0,0.0,1.0,0.0,8.0
363,1.0,0.0,1.0,1.0,0.0,1.0,1.0,0.0,0.0,1.0,6.0
364,1.0,1.0,0.0,1.0,0.0,0.0,0.0,1.0,0.0,1.0,5.0
365,0.0,0.0,1.0,0.0,0.0,1.0,0.0,0.0,0.0,1.0,3.0
366,1.0,0.0,1.0,0.0,0.0,1.0,1.0,1.0,1.0,0.0,6.0
367,0.0,1.0,0.0,0.0,1.0,1.0,1.0,0.0,1.0,0.0,5.0
368,0.0,0.0,0.0,1.0,1.0,1.0,1.0,1.0,1.0,0.0,6.0
369,0.0,0.0,1.0,0.0,1.0,1.0,1.0,1.0,1.0,1.0,7.0
370,0.0,0.0,1.0,0.0,0.0,1.0,1.0,0.0,0.0,1.0,4.0
371,0.0,0.0,1.0,0.0,0.0,1.0,1.0,1.0,1.0,0.0,5.0
372,1.0,1.0,1.0,0.0,0.0,1.0,0.0,0.0,1.0,0.0,5.0
373,1.0,1.0,1.0,1.0,1.0,1.0,1.0,1.0,0.0,0.0,8.0
374,0.0,1.0,0.0,0.0,1.0,1.0,1.0,0.0,0.0,1.0,5.0
375,0.0,0.0,0.0,0.0,1.0,1.0,1.0,0.0,1.0,1.0,5.0
376,1.0,1.0,1.0,0.0,0.0,0.0,0.0,0.0,0.0,1.0,4.0
377,1.0,0.0,0.0,0.0,1.0,1.0,1.0,1.0,1.0,0.0,6.0
378,1.0,0.0,0.0,1.0,1.0,0.0,0.0,1.0,1.0,0.0,5.0
379,0.0,1.0,1.0,0.0,1.0,0.0,1.0,0.0,0.0,0.0,4.0
380,1.0,1.0,0.0,1.0,1.0,1.0,1.0,1.0,1.0,0.0,8.0
381,0.0,0.0,0.0,0.0,1.0,1.0,1.0,1.0,0.0,0.0,4.0
382,1.0,0.0,1.0,0.0,0.0,1.0,1.0,0.0,1.0,1.0,6.0
383,0.0,1.0,0.0,0.0,0.0,1.0,0.0,1.0,1.0,1.0,5.0
384,1.0,1.0,0.0,1.0,1.0,0.0,1.0,1.0,0.0,1.0,7.0
385,1.0,1.0,1.0,1.0,1.0,0.0,0.0,1.0,1.0,0.0,7.0
386,0.0,1.0,1.0,1.0,0.0,0.0,0.0,0.0,1.0,1.0,5.0
387,1.0,0.0,1.0,0.0,1.0,1.0,0.0,1.0,1.0,1.0,7.0
388,0.0,1.0,0.0,0.0,0.0,0.0,0.0,0.0,0.0,1.0,2.0
389,0.0,1.0,0.0,0.0,1.0,1.0,1.0,0.0,0.0,1.0,5.0
390,1.0,1.0,1.0,0.0,0.0,1.0,1.0,0.0,0.0,0.0,5.0
391,1.0,0.0,1.0,0.0,0.0,0.0,1.0,0.0,0.0,1.0,4.0
392,0.0,0.0,0.0,1.0,0.0,1.0,1.0,0.0,1.0,0.0,4.0
393,0.0,0.0,0.0,0.0,0.0,0.0,1.0,0.0,1.0,0.0,2.0
394,1.0,0.0,1.0,0.0,0.0,0.0,1.0,1.0,0.0,0.0,4.0
395,1.0,1.0,1.0,1.0,0.0,0.0,0.0,1.0,0.0,0.0,5.0
396,1.0,1.0,0.0,1.0,1.0,0.0,1.0,1.0,1.0,0.0,7.0
397,1.0,0.0,1.0,1.0,0.0,1.0,0.0,1.0,0.0,1.0,6.0
398,0.0,1.0,1.0,1.0,0.0,0.0,0.0,0.0,1.0,1.0,5.0
399,1.0,0.0,0.0,1.0,1.0,1.0,1.0,1.0,0.0,0.0,6.0
400,0.0,1.0,1.0,0.0,0.0,0.0,1.0,0.0,1.0,0.0,4.0
401,0.0,0.0,1.0,1.0,0.0,1.0,0.0,0.0,1.0,1.0,5.0
402,1.0,1.0,0.0,1.0,1.0,1.0,1.0,1.0,0.0,1.0,8.0
403,0.0,0.0,1.0,1.0,1.0,0.0,1.0,0.0,0.0,0.0,4.0
404,0.0,1.0,0.0,1.0,0.0,0.0,0.0,0.0,1.0,0.0,3.0
405,0.0,0.0,0.0,0.0,1.0,1.0,0.0,1.0,1.0,1.0,5.0
406,1.0,0.0,0.0,0.0,1.0,0.0,1.0,0.0,0.0,1.0,4.0
407,0.0,1.0,0.0,1.0,1.0,0.0,0.0,1.0,1.0,0.0,5.0
408,1.0,0.0,1.0,1.0,0.0,0.0,1.0,1.0,1.0,0.0,6.0
409,1.0,1.0,1.0,1.0,0.0,1.0,0.0,0.0,1.0,0.0,6.0
410,0.0,1.0,1.0,1.0,1.0,0.0,0.0,0.0,0.0,1.0,5.0
411,0.0,0.0,0.0,0.0,0.0,0.0,1.0,0.0,1.0,1.0,3.0
412,1.0,1.0,1.0,1.0,1.0,1.0,0.0,1.0,0.0,0.0,7.0
413,0.0,0.0,0.0,1.0,0.0,1.0,0.0,0.0,1.0,1.0,4.0
414,1.0,0.0,0.0,0.0,1.0,1.0,1.0,1.0,1.0,1.0,7.0
415,1.0,1.0,1.0,1.0,1.0,1.0,0.0,0.0,1.0,0.0,7.0
416,1.0,1.0,1.0,0.0,1.0,0.0,0.0,0.0,1.0,1.0,6.0
417,1.0,1.0,1.0,1.0,0.0,0.0,1.0,1.0,0.0,1.0,7.0
418,1.0,1.0,0.0,1.0,0.0,1.0,0.0,1.0,1.0,1.0,7.0
419,1.0,1.0,0.0,0.0,0.0,1.0,1.0,0.0,0.0,1.0,5.0
420,0.0,1.0,1.0,0.0,1.0,0.0,0.0,0.0,1.0,0.0,4.0
421,1.0,0.0,1.0,0.0,0.0,1.0,0.0,1.0,1.0,0.0,5.0
422,0.0,1.0,0.0,0.0,0.0,1.0,0.0,1.0,1.0,1.0,5.0
423,0.0,1.0,1.0,0.0,1.0,1.0,1.0,0.0,0.0,0.0,5.0
424,1.0,1.0,1.0,0.0,0.0,1.0,0.0,1.0,1.0,1.0,7.0
425,1.0,0.0,0.0,0.0,1.0,1.0,1.0,0.0,1.0,0.0,5.0
426,1.0,1.0,1.0,0.0,0.0,1.0,0.0,0.0,0.0,0.0,4.0
427,1.0,0.0,0.0,0.0,0.0,0.0,0.0,1.0,1.0,0.0,3.0
428,1.0,0.0,0.0,1.0,0.0,1.0,0.0,1.0,0.0,1.0,5.0
429,0.0,0.0,0.0,1.0,1.0,0.0,1.0,0.0,0.0,1.0,4.0
430,1.0,1.0,0.0,1.0,0.0,0.0,1.0,0.0,1.0,1.0,6.0
431,1.0,1.0,0.0,1.0,1.0,1.0,0.0,0.0,1.0,1.0,7.0
432,0.0,0.0,1.0,1.0,0.0,1.0,0.0,0.0,1.0,0.0,4.0
433,0.0,1.0,0.0,1.0,0.0,1.0,1.0,0.0,1.0,0.0,5.0
434,0.0,1.0,1.0,1.0,1.0,0.0,0.0,1.0,0.0,1.0,6.0
435,0.0,0.0,1.0,0.0,0.0,1.0,1.0,1.0,1.0,0.0,5.0
436,1.0,1.0,1.0,0.0,1.0,1.0,1.0,0.0,1.0,1.0,8.0
437,1.0,1.0,1.0,0.0,1.0,0.0,0.0,0.0,0.0,1.0,5.0
438,0.0,1.0,0.0,0.0,1.0,1.0,1.0,1.0,1.0,1.0,7.0
439,1.0,1.0,1.0,1.0,1.0,1.0,1.0,1.0,1.0,0.0,9.0
440,1.0,1.0,1.0,1.0,0.0,1.0,0.0,0.0,1.0,1.0,7.0
441,0.0,0.0,1.0,1.0,0.0,0.0,1.0,1.0,1.0,1.0,6.0
442,0.0,1.0,0.0,0.0,0.0,0.0,1.0,1.0,1.0,0.0,4.0
443,0.0,1.0,0.0,0.0,1.0,1.0,1.0,0.0,0.0,0.0,4.0
444,0.0,0.0,1.0,0.0,0.0,0.0,1.0,1.0,1.0,0.0,4.0
445,1.0,0.0,0.0,0.0,1.0,0.0,0.0,1.0,0.0,1.0,4.0
446,0.0,1.0,1.0,0.0,0.0,1.0,1.0,0.0,1.0,1.0,6.0
447,0.0,1.0,1.0,1.0,1.0,1.0,1.0,0.0,1.0,1.0,8.0
448,0.0,0.0,0.0,0.0,1.0,1.0,0.0,0.0,0.0,0.0,2.0
449,0.0,0.0,1.0,0.0,1.0,1.0,1.0,1.0,0.0,0.0,5.0
450,1.0,1.0,1.0,0.0,0.0,0.0,0.0,1.0,0.0,1.0,5.0
451,0.0,1.0,1.0,1.0,0.0,0.0,0.0,0.0,1.0,1.0,5.0
452,0.0,0.0,0.0,0.0,0.0,0.0,1.0,1.0,1.0,1.0,4.0
453,0.0,1.0,1.0,0.0,1.0,1.0,1.0,0.0,1.0,1.0,7.0
454,0.0,0.0,0.0,0.0,1.0,0.0,0.0,0.0,0.0,1.0,2.0
455,1.0,0.0,0.0,1.0,1.0,1.0,0.0,1.0,1.0,1.0,7.0
456,0.0,0.0,1.0,0.0,0.0,0.0,0.0,0.0,1.0,1.0,3.0
457,0.0,1.0,1.0,0.0,1.0,1.0,1.0,1.0,1.0,0.0,7.0
458,0.0,1.0,1.0,0.0,1.0,1.0,0.0,1.0,0.0,1.0,6.0
459,1.0,1.0,0.0,1.0,1.0,1.0,0.0,0.0,0.0,1.0,6.0
460,0.0,1.0,1.0,0.0,0.0,1.0,1.0,0.0,1.0,1.0,6.0
461,0.0,0.0,1.0,0.0,0.0,1.0,1.0,1.0,0.0,1.0,5.0
462,0.0,1.0,1.0,1.0,1.0,0.0,1.0,0.0,1.0,0.0,6.0
463,1.0,1.0,1.0,1.0,1.0,1.0,1.0,0.0,1.0,0.0,8.0
464,1.0,1.0,0.0,1.0,1.0,1.0,1.0,1.0,1.0,1.0,9.0
465,1.0,1.0,1.0,1.0,0.0,1.0,0.0,1.0,0.0,1.0,7.0
466,1.0,0.0,0.0,0.0,0.0,1.0,0.0,0.0,0.0,1.0,3.0
467,1.0,1.0,1.0,0.0,1.0,1.0,0.0,0.0,1.0,0.0,6.0
468,1.0,0.0,1.0,0.0,1.0,0.0,1.0,1.0,1.0,1.0,7.0
469,0.0,0.0,0.0,0.0,1.0,0.0,0.0,0.0,0.0,0.0,1.0
470,0.0,1.0,1.0,1.0,1.0,0.0,0.0,0.0,1.0,0.0,5.0
471,0.0,0.0,1.0,1.0,1.0,0.0,0.0,1.0,1.0,1.0,6.0
472,1.0,0.0,0.0,0.0,0.0,0.0,0.0,0.0,1.0,0.0,2.0
473,1.0,0.0,0.0,1.0,1.0,1.0,0.0,0.0,1.0,0.0,5.0
474,0.0,1.0,0.0,1.0,1.0,1.0,0.0,1.0,0.0,1.0,6.0
475,1.0,0.0,1.0,1.0,1.0,1.0,0.0,0.0,0.0,0.0,5.0
476,1.0,0.0,0.0,1.0,1.0,0.0,1.0,0.0,0.0,1.0,5.0
477,1.0,0.0,1.0,0.0,0.0,1.0,1.0,1.0,0.0,0.0,5.0
478,1.0,0.0,1.0,1.0,0.0,1.0,0.0,0.0,0.0,0.0,4.0
479,0.0,1.0,0.0,0.0,0.0,1.0,1.0,0.0,1.0,1.0,5.0
480,1.0,0.0,0.0,0.0,1.0,1.0,1.0,1.0,0.0,1.0,6.0
481,0.0,1.0,0.0,0.0,1.0,0.0,0.0,0.0,0.0,0.0,2.0
482,1.0,0.0,1.0,0.0,1.0,1.0,0.0,1.0,1.0,0.0,6.0
483,0.0,1.0,0.0,0.0,0.0,0.0,1.0,1.0,0.0,0.0,3.0
484,0.0,1.0,0.0,0.0,0.0,1.0,1.0,1.0,1.0,1.0,6.0
485,0.0,1.0,1.0,0.0,0.0,0.0,0.0,0.0,1.0,0.0,3.0
486,0.0,0.0,1.0,0.0,1.0,0.0,0.0,0.0,0.0,0.0,2.0
487,1.0,0.0,1.0,0.0,1.0,0.0,0.0,1.0,1.0,1.0,6.0
488,1.0,1.0,1.0,1.0,0.0,1.0,1.0,1.0,1.0,0.0,8.0
489,1.0,1.0,0.0,1.0,1.0,1.0,1.0,0.0,0.0,1.0,7.0
490,1.0,0.0,0.0,0.0,1.0,1.0,0.0,1.0,0.0,1.0,5.0
491,0.0,1.0,1.0,1.0,0.0,1.0,0.0,1.0,1.0,1.0,7.0
492,1.0,0.0,1.0,1.0,1.0,1.0,1.0,0.0,1.0,0.0,7.0
493,0.0,0.0,0.0,0.0,1.0,1.0,1.0,1.0,0.0,0.0,4.0
494,1.0,1.0,0.0,1.0,1.0,1.0,0.0,1.0,1.0,1.0,8.0
495,0.0,1.0,1.0,1.0,0.0,1.0,0.0,1.0,1.0,0.0,6.0
496,1.0,1.0,0.0,0.0,1.0,0.0,1.0,1.0,0.0,1.0,6.0
497,0.0,0.0,1.0,0.0,1.0,1.0,1.0,1.0,1.0,0.0,6.0
498,0.0,0.0,1.0,1.0,1.0,1.0,1.0,1.0,1.0,1.0,8.0
499,0.0,0.0,0.0,1.0,0.0,0.0,0.0,0.0,1.0,1.0,3.0
500,0.0,1.0,1.0,0.0,0.0,0.0,0.0,0.0,1.0,1.0,4.0
501,0.0,1.0,1.0,0.0,1.0,1.0,1.0,1.0,1.0,0.0,7.0
502,1.0,1.0,0.0,1.0,0.0,0.0,1.0,0.0,0.0,1.0,5.0
503,0.0,1.0,0.0,0.0,0.0,1.0,0.0,1.0,0.0,1.0,4.0
504,1.0,0.0,0.0,0.0,1.0,0.0,1.0,1.0,0.0,1.0,5.0
505,1.0,0.0,0.0,1.0,0.0,0.0,0.0,1.0,0.0,1.0,4.0
506,0.0,0.0,0.0,0.0,0.0,1.0,1.0,1.0,0.0,1.0,4.0
507,1.0,0.0,0.0,0.0,0.0,0.0,1.0,0.0,0.0,0.0,2.0
508,0.0,1.0,1.0,1.0,1.0,0.0,0.0,1.0,0.0,1.0,6.0
509,1.0,0.0,1.0,1.0,0.0,0.0,0.0,1.0,0.0,0.0,4.0
510,0.0,0.0,1.0,1.0,1.0,1.0,1.0,1.0,0.0,1.0,7.0
511,0.0,0.0,1.0,1.0,1.0,1.0,1.0,0.0,0.0,0.0,5.0
512,1.0,0.0,1.0,0.0,0.0,1.0,1.0,0.0,0.0,0.0,4.0
513,1.0,0.0,1.0,0.0,1.0,1.0,1.0,0.0,0.0,0.0,5.0
514,1.0,1.0,1.0,0.0,1.0,0.0,1.0,1.0,1.0,1.0,8.0
515,1.0,1.0,1.0,0.0,0.0,0.0,1.0,0.0,0.0,1.0,5.0
516,1.0,0.0,0.0,1.0,1.0,1.0,1.0,0.0,1.0,0.0,6.0
517,1.0,0.0,1.0,1.0,0.0,0.0,0.0,0.0,1.0,1.0,5.0
518,1.0,1.0,1.0,1.0,0.0,1.0,0.0,0.0,1.0,0.0,6.0
519,0.0,0.0,1.0,0.0,0.0,0.0,0.0,1.0,1.0,1.0,4.0
520,1.0,0.0,0.0,1.0,1.0,1.0,1.0,1.0,0.0,0.0,6.0
521,0.0,1.0,1.0,0.0,1.0,1.0,0.0,1.0,1.0,0.0,6.0
522,1.0,0.0,0.0,1.0,0.0,1.0,0.0,1.0,0.0,0.0,4.0
523,1.0,0.0,0.0,0.0,1.0,0.0,1.0,0.0,1.0,1.0,5.0
524,1.0,1.0,1.0,0.0,1.0,0.0,0.0,1.0,1.0,1.0,7.0
525,1.0,0.0,0.0,0.0,1.0,1.0,0.0,1.0,1.0,0.0,5.0
526,0.0,1.0,1.0,0.0,0.0,0.0,1.0,0.0,1.0,0.0,4.0
527,0.0,1.0,0.0,1.0,1.0,1.0,1.0,0.0,0.0,1.0,6.0
528,1.0,1.0,1.0,1.0,0.0,1.0,0.0,1.0,1.0,1.0,8.0
529,0.0,1.0,1.0,0.0,0.0,1.0,0.0,0.0,1.0,0.0,4.0
530,1.0,0.0,0.0,1.0,0.0,1.0,1.0,0.0,0.0,1.0,5.0
531,1.0,0.0,0.0,0.0,1.0,0.0,0.0,0.0,0.0,1.0,3.0
532,1.0,1.0,0.0,1.0,0.0,1.0,0.0,1.0,0.0,0.0,5.0
533,1.0,1.0,0.0,1.0,1.0,1.0,1.0,1.0,1.0,0.0,8.0
534,1.0,1.0,1.0,0.0,1.0,0.0,0.0,0.0,0.0,1.0,5.0
535,1.0,1.0,1.0,1.0,0.0,0.0,1.0,1.0,0.0,1.0,7.0
536,0.0,0.0,0.0,0.0,0.0,1.0,0.0,1.0,1.0,1.0,4.0
537,1.0,1.0,1.0,1.0,0.0,1.0,0.0,1.0,1.0,0.0,7.0
538,0.0,0.0,1.0,0.0,1.0,0.0,0.0,1.0,0.0,0.0,3.0
539,0.0,0.0,1.0,0.0,0.0,0.0,1.0,1.0,0.0,1.0,4.0
540,0.0,1.0,0.0,0.0,1.0,1.0,1.0,0.0,0.0,0.0,4.0
541,0.0,1.0,0.0,0.0,1.0,0.0,0.0,0.0,0.0,1.0,3.0
542,0.0,1.0,1.0,0.0,1.0,0.0,1.0,1.0,1.0,0.0,6.0
543,1.0,0.0,0.0,0.0,1.0,0.0,1.0,1.0,1.0,1.0,6.0
544,0.0,0.0,1.0,1.0,1.0,1.0,0.0,0.0,1.0,1.0,6.0
545,0.0,0.0,0.0,0.0,1.0,1.0,1.0,1.0,0.0,1.0,5.0
546,1.0,0.0,1.0,0.0,0.0,0.0,0.0,0.0,0.0,0.0,2.0
547,1.0,0.0,1.0,0.0,0.0,1.0,0.0,0.0,1.0,1.0,5.0
548,1.0,0.0,0.0,0.0,0.0,1.0,0.0,0.0,1.0,1.0,4.0
549,1.0,0.0,1.0,1.0,1.0,0.0,0.0,0.0,0.0,0.0,4.0
550,1.0,0.0,0.0,0.0,1.0,1.0,1.0,0.0,0.0,0.0,4.0
551,1.0,1.0,1.0,1.0,0.0,0.0,0.0,0.0,0.0,1.0,5.0
552,1.0,0.0,1.0,1.0,1.0,1.0,0.0,1.0,0.0,1.0,7.0
553,1.0,0.0,0.0,1.0,0.0,1.0,0.0,1.0,1.0,1.0,6.0
554,1.0,0.0,0.0,1.0,1.0,0.0,1.0,1.0,0.0,0.0,5.0
555,0.0,0.0,0.0,1.0,0.0,1.0,1.0,1.0,0.0,0.0,4.0
556,0.0,1.0,1.0,0.0,0.0,1.0,0.0,0.0,0.0,1.0,4.0
557,0.0,0.0,1.0,1.0,1.0,0.0,1.0,0.0,1.0,1.0,6.0
558,1.0,0.0,0.0,0.0,1.0,1.0,1.0,0.0,0.0,0.0,4.0
559,1.0,0.0,1.0,1.0,1.0,1.0,0.0,1.0,0.0,0.0,6.0
560,1.0,1.0,0.0,1.0,0.0,0.0,0.0,0.0,1.0,0.0,4.0
561,1.0,0.0,1.0,0.0,1.0,1.0,1.0,0.0,1.0,1.0,7.0
562,0.0,0.0,0.0,0.0,1.0,1.0,1.0,1.0,0.0,0.0,4.0
563,0.0,0.0,0.0,0.0,0.0,1.0,0.0,1.0,0.0,0.0,2.0
564,1.0,0.0,1.0,1.0,1.0,0.0,0.0,1.0,1.0,1.0,7.0
565,0.0,1.0,1.0,0.0,0.0,0.0,1.0,1.0,1.0,0.0,5.0
566,1.0,0.0,0.0,1.0,0.0,1.0,0.0,1.0,1.0,1.0,6.0
567,1.0,0.0,1.0,0.0,0.0,0.0,1.0,1.0,0.0,0.0,4.0
568,1.0,1.0,1.0,0.0,0.0,0.0,0.0,1.0,0.0,1.0,5.0
569,1.0,0.0,1.0,1.0,1.0,0.0,0.0,0.0,0.0,0.0,4.0
570,0.0,1.0,1.0,1.0,1.0,1.0,1.0,0.0,1.0,0.0,7.0
571,0.0,1.0,0.0,1.0,1.0,0.0,1.0,0.0,0.0,1.0,5.0
572,1.0,0.0,1.0,0.0,0.0,1.0,0.0,0.0,1.0,1.0,5.0
573,0.0,0.0,0.0,1.0,1.0,0.0,0.0,0.0,1.0,1.0,4.0
574,1.0,0.0,0.0,0.0,1.0,0.0,0.0,1.0,1.0,1.0,5.0
575,1.0,0.0,0.0,0.0,0.0,1.0,1.0,0.0,0.0,1.0,4.0
576,1.0,1.0,0.0,0.0,0.0,1.0,1.0,0.0,0.0,1.0,5.0
577,1.0,0.0,0.0,1.0,1.0,1.0,1.0,1.0,1.0,0.0,7.0
578,0.0,1.0,0.0,0.0,0.0,0.0,0.0,1.0,1.0,1.0,4.0
579,1.0,1.0,0.0,0.0,1.0,0.0,1.0,1.0,1.0,0.0,6.0
580,1.0,0.0,0.0,0.0,0.0,0.0,1.0,1.0,1.0,0.0,4.0
581,1.0,1.0,0.0,1.0,0.0,0.0,1.0,0.0,0.0,1.0,5.0
582,1.0,0.0,0.0,1.0,0.0,0.0,0.0,1.0,0.0,1.0,4.0
583,0.0,0.0,0.0,0.0,1.0,1.0,0.0,1.0,1.0,1.0,5.0
584,1.0,0.0,1.0,1.0,0.0,1.0,1.0,0.0,0.0,0.0,5.0
585,1.0,1.0,0.0,0.0,0.0,0.0,1.0,0.0,1.0,1.0,5.0
586,1.0,1.0,1.0,0.0,0.0,0.0,1.0,0.0,0.0,1.0,5.0
587,1.0,0.0,0.0,1.0,1.0,0.0,0.0,1.0,0.0,0.0,4.0
588,1.0,0.0,0.0,1.0,1.0,0.0,0.0,1.0,0.0,0.0,4.0
589,1.0,1.0,0.0,0.0,1.0,1.0,0.0,0.0,0.0,1.0,5.0
590,1.0,1.0,0.0,0.0,0.0,1.0,0.0,1.0,0.0,1.0,5.0
591,0.0,0.0,0.0,0.0,0.0,0.0,0.0,0.0,1.0,0.0,1.0
592,0.0,1.0,1.0,1.0,1.0,1.0,0.0,1.0,0.0,0.0,6.0
593,1.0,1.0,0.0,0.0,0.0,1.0,0.0,0.0,1.0,0.0,4.0
594,1.0,0.0,1.0,0.0,1.0,1.0,0.0,0.0,0.0,0.0,4.0
595,1.0,0.0,1.0,1.0,1.0,0.0,0.0,1.0,0.0,1.0,6.0
596,0.0,0.0,1.0,0.0,0.0,1.0,1.0,1.0,0.0,0.0,4.0
597,0.0,1.0,1.0,1.0,0.0,0.0,1.0,0.0,0.0,1.0,5.0
598,1.0,1.0,0.0,0.0,0.0,0.0,1.0,0.0,1.0,1.0,5.0
599,1.0,0.0,1.0,0.0,1.0,0.0,1.0,0.0,0.0,1.0,5.0
600,1.0,1.0,1.0,0.0,0.0,0.0,1.0,1.0,1.0,0.0,6.0
601,1.0,0.0,0.0,1.0,1.0,1.0,1.0,1.0,1.0,0.0,7.0
602,0.0,1.0,0.0,1.0,1.0,0.0,0.0,0.0,1.0,0.0,4.0
603,1.0,1.0,1.0,1.0,1.0,1.0,0.0,1.0,0.0,0.0,7.0
604,0.0,1.0,0.0,1.0,0.0,1.0,1.0,0.0,1.0,0.0,5.0
605,1.0,1.0,1.0,1.0,1.0,0.0,1.0,0.0,1.0,0.0,7.0
606,1.0,1.0,0.0,1.0,1.0,0.0,0.0,0.0,1.0,0.0,5.0
607,0.0,0.0,0.0,1.0,0.0,0.0,0.0,1.0,1.0,0.0,3.0
608,0.0,0.0,1.0,1.0,1.0,0.0,0.0,1.0,0.0,0.0,4.0
609,0.0,0.0,1.0,1.0,0.0,0.0,1.0,0.0,0.0,0.0,3.0
610,1.0,1.0,0.0,1.0,1.0,0.0,1.0,1.0,1.0,1.0,8.0
611,1.0,1.0,1.0,0.0,0.0,1.0,0.0,0.0,0.0,1.0,5.0
612,1.0,0.0,1.0,0.0,1.0,0.0,0.0,0.0,0.0,0.0,3.0
613,1.0,0.0,1.0,0.0,1.0,1.0,1.0,0.0,1.0,0.0,6.0
614,0.0,1.0,1.0,1.0,1.0,1.0,0.0,0.0,0.0,0.0,5.0
615,1.0,1.0,0.0,0.0,1.0,0.0,0.0,1.0,0.0,0.0,4.0
616,0.0,1.0,0.0,1.0,0.0,1.0,1.0,1.0,0.0,1.0,6.0
617,0.0,1.0,0.0,1.0,1.0,0.0,0.0,1.0,0.0,1.0,5.0
618,1.0,0.0,1.0,1.0,1.0,1.0,0.0,0.0,1.0,0.0,6.0
619,0.0,1.0,1.0,1.0,1.0,1.0,0.0,0.0,0.0,0.0,5.0
620,1.0,1.0,0.0,1.0,1.0,1.0,1.0,0.0,0.0,1.0,7.0
621,1.0,0.0,0.0,0.0,1.0,0.0,1.0,1.0,1.0,1.0,6.0
622,0.0,1.0,0.0,1.0,1.0,1.0,0.0,1.0,0.0,1.0,6.0
623,0.0,0.0,0.0,0.0,0.0,0.0,0.0,1.0,0.0,1.0,2.0
624,0.0,0.0,1.0,1.0,0.0,0.0,0.0,1.0,1.0,0.0,4.0
625,0.0,0.0,0.0,0.0,1.0,0.0,0.0,1.0,0.0,0.0,2.0
626,0.0,0.0,0.0,0.0,1.0,0.0,1.0,0.0,0.0,1.0,3.0
627,1.0,0.0,0.0,1.0,1.0,0.0,0.0,1.0,0.0,1.0,5.0
628,0.0,0.0,1.0,1.0,0.0,0.0,1.0,1.0,0.0,1.0,5.0
629,0.0,1.0,0.0,1.0,0.0,0.0,0.0,1.0,0.0,1.0,4.0
630,0.0,0.0,1.0,1.0,0.0,1.0,0.0,1.0,1.0,1.0,6.0
631,0.0,1.0,0.0,0.0,1.0,0.0,0.0,0.0,0.0,0.0,2.0
632,1.0,1.0,1.0,0.0,0.0,0.0,1.0,1.0,0.0,0.0,5.0
633,0.0,0.0,1.0,0.0,1.0,0.0,1.0,1.0,0.0,0.0,4.0
634,0.0,0.0,1.0,1.0,1.0,0.0,0.0,1.0,1.0,0.0,5.0
635,0.0,1.0,0.0,1.0,1.0,1.0,1.0,1.0,0.0,0.0,6.0
636,0.0,1.0,0.0,0.0,0.0,1.0,1.0,0.0,0.0,0.0,3.0
637,0.0,1.0,1.0,1.0,1.0,0.0,0.0,1.0,1.0,1.0,7.0
638,1.0,1.0,1.0,0.0,0.0,0.0,1.0,0.0,1.0,0.0,5.0
639,1.0,1.0,0.0,0.0,1.0,1.0,0.0,0.0,1.0,1.0,6.0
640,0.0,0.0,0.0,0.0,1.0,1.0,1.0,1.0,0.0,1.0,5.0
641,1.0,1.0,0.0,0.0,1.0,1.0,1.0,0.0,0.0,0.0,5.0
642,0.0,0.0,1.0,0.0,0.0,0.0,0.0,1.0,0.0,0.0,2.0
643,1.0,1.0,1.0,0.0,1.0,0.0,1.0,0.0,1.0,0.0,6.0
644,1.0,0.0,1.0,1.0,1.0,0.0,0.0,0.0,1.0,0.0,5.0
645,0.0,1.0,0.0,0.0,1.0,1.0,1.0,1.0,0.0,1.0,6.0
646,1.0,1.0,0.0,0.0,0.0,0.0,1.0,1.0,1.0,1.0,6.0
647,0.0,0.0,1.0,1.0,0.0,0.0,1.0,1.0,1.0,1.0,6.0
648,0.0,0.0,1.0,1.0,1.0,1.0,0.0,1.0,0.0,1.0,6.0
649,0.0,0.0,1.0,0.0,1.0,1.0,0.0,0.0,1.0,1.0,5.0
650,1.0,0.0,1.0,0.0,1.0,0.0,0.0,1.0,0.0,0.0,4.0
651,0.0,1.0,1.0,0.0,1.0,0.0,1.0,0.0,0.0,0.0,4.0
652,1.0,0.0,0.0,1.0,0.0,0.0,1.0,1.0,1.0,1.0,6.0
653,0.0,1.0,1.0,0.0,1.0,1.0,1.0,0.0,1.0,0.0,6.0
654,1.0,0.0,0.0,0.0,1.0,0.0,0.0,1.0,0.0,0.0,3.0
655,0.0,0.0,1.0,1.0,1.0,1.0,1.0,1.0,0.0,1.0,7.0
656,0.0,1.0,1.0,1.0,1.0,0.0,1.0,1.0,0.0,1.0,7.0
657,1.0,0.0,0.0,1.0,0.0,0.0,1.0,1.0,0.0,0.0,4.0
658,1.0,1.0,0.0,1.0,0.0,1.0,0.0,0.0,1.0,0.0,5.0
659,1.0,0.0,1.0,1.0,1.0,1.0,0.0,1.0,1.0,1.0,8.0
660,1.0,0.0,1.0,1.0,0.0,1.0,0.0,0.0,1.0,0.0,5.0
661,1.0,0.0,0.0,0.0,1.0,1.0,0.0,1.0,1.0,1.0,6.0
662,0.0,0.0,0.0,1.0,0.0,1.0,1.0,0.0,0.0,1.0,4.0
663,0.0,1.0,0.0,0.0,0.0,0.0,0.0,0.0,1.0,0.0,2.0
664,1.0,0.0,0.0,0.0,1.0,1.0,0.0,1.0,1.0,1.0,6.0
665,0.0,1.0,0.0,0.0,0.0,1.0,0.0,1.0,0.0,0.0,3.0
666,0.0,0.0,1.0,0.0,1.0,0.0,0.0,1.0,1.0,1.0,5.0
667,1.0,0.0,1.0,1.0,1.0,1.0,1.0,0.0,0.0,1.0,7.0
668,1.0,0.0,0.0,0.0,1.0,0.0,0.0,0.0,0.0,1.0,3.0
669,1.0,1.0,0.0,0.0,1.0,0.0,0.0,1.0,1.0,1.0,6.0
670,1.0,1.0,1.0,1.0,1.0,1.0,0.0,0.0,0.0,0.0,6.0
671,0.0,1.0,1.0,1.0,1.0,0.0,1.0,1.0,1.0,0.0,7.0
672,1.0,0.0,1.0,1.0,0.0,0.0,1.0,0.0,1.0,1.0,6.0
673,1.0,0.0,0.0,0.0,0.0,1.0,0.0,0.0,0.0,0.0,2.0
674,0.0,1.0,0.0,0.0,1.0,0.0,1.0,1.0,0.0,1.0,5.0
675,0.0,0.0,0.0,0.0,0.0,1.0,0.0,0.0,1.0,0.0,2.0
676,0.0,0.0,0.0,0.0,0.0,0.0,0.0,1.0,0.0,1.0,2.0
677,0.0,0.0,1.0,1.0,1.0,0.0,0.0,1.0,0.0,0.0,4.0
678,0.0,1.0,1.0,1.0,1.0,0.0,1.0,1.0,1.0,0.0,7.0
679,0.0,1.0,0.0,0.0,1.0,0.0,1.0,0.0,0.0,1.0,4.0
680,1.0,0.0,0.0,1.0,1.0,0.0,1.0,0.0,0.0,1.0,5.0
681,1.0,0.0,1.0,1.0,1.0,1.0,0.0,1.0,1.0,1.0,8.0
682,0.0,0.0,0.0,0.0,0.0,1.0,1.0,0.0,0.0,0.0,2.0
683,0.0,1.0,0.0,1.0,0.0,1.0,0.0,1.0,0.0,0.0,4.0
684,0.0,1.0,0.0,1.0,0.0,0.0,1.0,0.0,1.0,0.0,4.0
685,1.0,0.0,1.0,1.0,1.0,0.0,1.0,0.0,0.0,0.0,5.0
686,0.0,0.0,0.0,1.0,1.0,0.0,1.0,0.0,1.0,1.0,5.0
687,1.0,0.0,0.0,0.0,0.0,1.0,0.0,1.0,1.0,1.0,5.0
688,0.0,1.0,1.0,0.0,1.0,1.0,1.0,1.0,1.0,0.0,7.0
689,0.0,1.0,1.0,1.0,0.0,0.0,1.0,1.0,0.0,0.0,5.0
690,0.0,1.0,1.0,1.0,1.0,1.0,1.0,0.0,0.0,0.0,6.0
691,0.0,1.0,1.0,0.0,1.0,1.0,1.0,1.0,0.0,0.0,6.0
692,1.0,0.0,1.0,0.0,1.0,1.0,1.0,1.0,0.0,0.0,6.0
693,0.0,1.0,0.0,1.0,0.0,0.0,1.0,1.0,0.0,1.0,5.0
694,1.0,0.0,1.0,1.0,1.0,1.0,1.0,0.0,1.0,1.0,8.0
695,1.0,1.0,0.0,0.0,0.0,0.0,1.0,1.0,0.0,0.0,4.0
696,0.0,1.0,1.0,1.0,0.0,0.0,0.0,1.0,0.0,1.0,5.0
697,0.0,1.0,1.0,1.0,0.0,1.0,0.0,1.0,0.0,0.0,5.0
698,1.0,0.0,1.0,1.0,0.0,0.0,1.0,1.0,1.0,0.0,6.0
699,0.0,0.0,1.0,0.0,0.0,1.0,1.0,1.0,1.0,1.0,6.0
700,1.0,1.0,1.0,0.0,1.0,1.0,1.0,1.0,0.0,1.0,8.0
701,1.0,0.0,0.0,0.0,0.0,0.0,1.0,1.0,0.0,0.0,3.0
702,0.0,0.0,0.0,1.0,0.0,0.0,0.0,1.0,1.0,0.0,3.0
703,0.0,1.0,0.0,1.0,1.0,0.0,0.0,0.0,1.0,1.0,5.0
704,0.0,0.0,1.0,0.0,1.0,1.0,1.0,0.0,1.0,0.0,5.0
705,1.0,0.0,1.0,1.0,0.0,0.0,0.0,0.0,1.0,0.0,4.0
706,1.0,0.0,1.0,1.0,0.0,0.0,1.0,0.0,1.0,1.0,6.0
707,1.0,1.0,0.0,1.0,0.0,0.0,0.0,1.0,1.0,0.0,5.0
708,1.0,0.0,0.0,0.0,0.0,1.0,0.0,0.0,1.0,1.0,4.0
709,1.0,0.0,1.0,1.0,1.0,0.0,0.0,1.0,0.0,0.0,5.0
710,1.0,1.0,1.0,1.0,1.0,1.0,1.0,0.0,0.0,1.0,8.0
711,1.0,0.0,1.0,0.0,1.0,0.0,1.0,0.0,0.0,1.0,5.0
712,1.0,1.0,0.0,1.0,1.0,0.0,1.0,1.0,1.0,0.0,7.0
713,1.0,1.0,0.0,1.0,0.0,1.0,0.0,1.0,0.0,1.0,6.0
714,0.0,1.0,1.0,1.0,0.0,1.0,0.0,0.0,0.0,0.0,4.0
715,0.0,0.0,1.0,0.0,1.0,0.0,1.0,1.0,1.0,0.0,5.0
716,1.0,0.0,1.0,0.0,1.0,1.0,0.0,1.0,1.0,0.0,6.0
717,1.0,0.0,0.0,1.0,0.0,0.0,0.0,0.0,0.0,1.0,3.0
718,1.0,0.0,1.0,1.0,0.0,0.0,0.0,0.0,0.0,0.0,3.0
719,1.0,1.0,0.0,0.0,1.0,0.0,0.0,0.0,0.0,1.0,4.0
720,0.0,1.0,0.0,1.0,0.0,1.0,0.0,1.0,0.0,1.0,5.0
721,0.0,1.0,1.0,0.0,1.0,0.0,1.0,1.0,0.0,1.0,6.0
722,0.0,0.0,1.0,0.0,1.0,0.0,0.0,1.0,0.0,1.0,4.0
723,0.0,1.0,1.0,0.0,1.0,0.0,1.0,1.0,0.0,1.0,6.0
724,0.0,1.0,0.0,1.0,0.0,1.0,1.0,1.0,0.0,0.0,5.0
725,1.0,0.0,0.0,0.0,1.0,1.0,1.0,0.0,0.0,0.0,4.0
726,0.0,1.0,1.0,1.0,1.0,0.0,1.0,1.0,0.0,0.0,6.0
727,1.0,1.0,0.0,0.0,1.0,1.0,1.0,1.0,0.0,0.0,6.0
728,0.0,1.0,0.0,0.0,0.0,1.0,1.0,1.0,0.0,1.0,5.0
729,1.0,0.0,1.0,1.0,0.0,1.0,0.0,1.0,0.0,1.0,6.0
730,1.0,0.0,1.0,1.0,1.0,0.0,0.0,0.0,0.0,0.0,4.0
731,1.0,0.0,1.0,1.0,1.0,1.0,0.0,0.0,0.0,1.0,6.0
732,1.0,1.0,1.0,0.0,0.0,1.0,1.0,0.0,0.0,0.0,5.0
733,0.0,0.0,0.0,0.0,0.0,1.0,1.0,1.0,1.0,1.0,5.0
734,0.0,1.0,1.0,0.0,1.0,1.0,0.0,0.0,0.0,1.0,5.0
735,0.0,1.0,0.0,1.0,0.0,1.0,0.0,1.0,0.0,0.0,4.0
736,0.0,1.0,1.0,1.0,0.0,0.0,0.0,0.0,0.0,0.0,3.0
737,1.0,1.0,1.0,1.0,1.0,1.0,0.0,1.0,1.0,0.0,8.0
738,1.0,0.0,0.0,1.0,1.0,0.0,0.0,0.0,1.0,1.0,5.0
739,1.0,0.0,1.0,1.0,0.0,1.0,0.0,1.0,1.0,1.0,7.0
740,1.0,0.0,1.0,1.0,0.0,1.0,0.0,1.0,0.0,1.0,6.0
741,1.0,0.0,0.0,0.0,0.0,0.0,0.0,1.0,0.0,1.0,3.0
742,1.0,0.0,0.0,1.0,1.0,1.0,1.0,0.0,1.0,0.0,6.0
743,1.0,1.0,1.0,0.0,1.0,0.0,0.0,1.0,0.0,0.0,5.0
744,1.0,1.0,1.0,0.0,1.0,1.0,0.0,1.0,0.0,1.0,7.0
745,1.0,1.0,0.0,1.0,0.0,1.0,1.0,0.0,0.0,1.0,6.0
746,1.0,1.0,1.0,0.0,0.0,1.0,0.0,0.0,1.0,0.0,5.0
747,1.0,0.0,0.0,1.0,1.0,0.0,0.0,1.0,0.0,1.0,5.0
748,0.0,0.0,0.0,1.0,1.0,0.0,1.0,1.0,1.0,0.0,5.0
749,1.0,0.0,1.0,0.0,1.0,0.0,1.0,0.0,0.0,0.0,4.0
750,1.0,0.0,1.0,0.0,1.0,0.0,0.0,1.0,0.0,0.0,4.0
751,0.0,0.0,1.0,1.0,0.0,0.0,1.0,0.0,0.0,0.0,3.0
752,0.0,1.0,0.0,0.0,0.0,1.0,0.0,0.0,0.0,1.0,3.0
753,1.0,1.0,0.0,1.0,0.0,0.0,0.0,0.0,1.0,1.0,5.0
754,1.0,0.0,1.0,0.0,1.0,0.0,1.0,0.0,0.0,1.0,5.0
755,1.0,0.0,0.0,1.0,1.0,0.0,1.0,1.0,1.0,1.0,7.0
756,1.0,0.0,0.0,0.0,1.0,0.0,1.0,1.0,0.0,0.0,4.0
757,0.0,1.0,0.0,0.0,1.0,0.0,1.0,1.0,0.0,0.0,4.0
758,1.0,0.0,0.0,1.0,0.0,1.0,0.0,1.0,1.0,1.0,6.0
759,1.0,1.0,0.0,1.0,0.0,1.0,1.0,1.0,1.0,0.0,7.0
760,0.0,1.0,1.0,0.0,0.0,1.0,0.0,0.0,0.0,0.0,3.0
761,1.0,0.0,0.0,1.0,1.0,0.0,0.0,1.0,1.0,1.0,6.0
762,1.0,0.0,1.0,1.0,1.0,1.0,1.0,0.0,1.0,0.0,7.0
763,0.0,0.0,0.0,0.0,0.0,0.0,1.0,0.0,1.0,1.0,3.0
764,0.0,0.0,0.0,1.0,1.0,1.0,1.0,1.0,0.0,1.0,6.0
765,0.0,1.0,1.0,0.0,0.0,1.0,1.0,1.0,1.0,0.0,6.0
766,0.0,1.0,0.0,1.0,0.0,1.0,1.0,0.0,1.0,0.0,5.0
767,1.0,1.0,1.0,1.0,0.0,1.0,1.0,0.0,0.0,1.0,7.0
768,0.0,1.0,0.0,1.0,0.0,1.0,1.0,1.0,1.0,1.0,7.0
769,1.0,0.0,0.0,0.0,1.0,0.0,0.0,0.0,1.0,1.0,4.0
770,0.0,1.0,0.0,1.0,0.0,1.0,0.0,1.0,1.0,0.0,5.0
771,0.0,1.0,1.0,1.0,1.0,1.0,1.0,0.0,1.0,1.0,8.0
772,0.0,0.0,1.0,0.0,1.0,1.0,1.0,1.0,1.0,0.0,6.0
773,0.0,1.0,1.0,1.0,1.0,1.0,1.0,1.0,0.0,1.0,8.0
774,1.0,1.0,0.0,1.0,1.0,1.0,1.0,1.0,0.0,1.0,8.0
775,1.0,0.0,1.0,1.0,0.0,0.0,1.0,0.0,0.0,0.0,4.0
776,0.0,0.0,0.0,0.0,1.0,0.0,0.0,1.0,0.0,0.0,2.0
777,1.0,0.0,1.0,1.0,0.0,0.0,1.0,1.0,1.0,0.0,6.0
778,1.0,0.0,0.0,1.0,0.0,1.0,1.0,0.0,1.0,1.0,6.0
779,1.0,1.0,0.0,1.0,1.0,1.0,0.0,0.0,0.0,1.0,6.0
780,0.0,0.0,1.0,0.0,0.0,0.0,1.0,0.0,1.0,1.0,4.0
781,1.0,1.0,0.0,1.0,0.0,0.0,0.0,1.0,1.0,1.0,6.0
782,1.0,0.0,0.0,1.0,1.0,1.0,0.0,1.0,0.0,1.0,6.0
783,1.0,0.0,1.0,1.0,1.0,1.0,1.0,0.0,1.0,0.0,7.0
784,1.0,0.0,1.0,0.0,1.0,1.0,0.0,0.0,1.0,0.0,5.0
785,0.0,0.0,0.0,1.0,0.0,1.0,0.0,1.0,1.0,1.0,5.0
786,1.0,1.0,1.0,0.0,1.0,0.0,0.0,1.0,1.0,0.0,6.0
787,0.0,1.0,0.0,1.0,1.0,0.0,1.0,0.0,1.0,1.0,6.0
788,0.0,1.0,0.0,1.0,1.0,1.0,0.0,1.0,1.0,0.0,6.0
789,0.0,1.0,1.0,0.0,0.0,0.0,1.0,0.0,0.0,1.0,4.0
790,0.0,0.0,0.0,1.0,0.0,0.0,1.0,0.0,0.0,1.0,3.0
791,0.0,1.0,0.0,0.0,1.0,0.0,0.0,1.0,1.0,1.0,5.0
792,0.0,1.0,0.0,1.0,0.0,1.0,0.0,1.0,0.0,0.0,4.0
793,0.0,0.0,0.0,1.0,0.0,0.0,0.0,0.0,1.0,1.0,3.0
794,0.0,1.0,0.0,0.0,1.0,0.0,0.0,0.0,1.0,0.0,3.0
795,1.0,0.0,0.0,0.0,1.0,1.0,0.0,0.0,1.0,1.0,5.0
796,0.0,1.0,1.0,0.0,1.0,0.0,0.0,0.0,1.0,0.0,4.0
797,1.0,0.0,0.0,0.0,1.0,1.0,0.0,1.0,0.0,0.0,4.0
798,0.0,0.0,0.0,0.0,0.0,1.0,1.0,0.0,0.0,0.0,2.0
799,0.0,0.0,0.0,0.0,0.0,0.0,0.0,0.0,1.0,0.0,1.0
800,0.0,1.0,1.0,1.0,0.0,1.0,1.0,1.0,0.0,1.0,7.0
801,0.0,1.0,0.0,0.0,0.0,1.0,1.0,0.0,1.0,0.0,4.0
802,0.0,0.0,0.0,0.0,0.0,1.0,0.0,0.0,0.0,1.0,2.0
803,0.0,0.0,0.0,1.0,1.0,1.0,0.0,0.0,0.0,0.0,3.0
804,1.0,0.0,1.0,1.0,1.0,0.0,1.0,1.0,0.0,1.0,7.0
805,1.0,0.0,1.0,0.0,0.0,0.0,0.0,1.0,0.0,1.0,4.0
806,0.0,0.0,1.0,1.0,1.0,0.0,0.0,0.0,0.0,0.0,3.0
807,1.0,0.0,0.0,0.0,1.0,0.0,0.0,0.0,1.0,0.0,3.0
808,0.0,1.0,1.0,1.0,1.0,0.0,1.0,1.0,1.0,0.0,7.0
809,0.0,0.0,1.0,1.0,1.0,1.0,0.0,1.0,1.0,0.0,6.0
810,0.0,0.0,0.0,1.0,1.0,0.0,1.0,0.0,1.0,0.0,4.0
811,1.0,1.0,1.0,0.0,0.0,1.0,1.0,0.0,0.0,1.0,6.0
812,1.0,0.0,0.0,0.0,0.0,1.0,1.0,1.0,0.0,0.0,4.0
813,0.0,0.0,0.0,1.0,1.0,1.0,0.0,1.0,1.0,1.0,6.0
814,1.0,1.0,0.0,1.0,1.0,1.0,0.0,1.0,0.0,0.0,6.0
815,0.0,1.0,0.0,1.0,1.0,1.0,1.0,1.0,1.0,1.0,8.0
816,1.0,1.0,0.0,0.0,0.0,1.0,1.0,0.0,1.0,1.0,6.0
817,0.0,1.0,0.0,1.0,1.0,1.0,1.0,1.0,0.0,0.0,6.0
818,1.0,0.0,1.0,0.0,0.0,0.0,1.0,0.0,0.0,0.0,3.0
819,0.0,1.0,1.0,0.0,1.0,0.0,1.0,0.0,1.0,0.0,5.0
820,0.0,0.0,0.0,1.0,0.0,1.0,1.0,0.0,1.0,0.0,4.0
821,1.0,1.0,1.0,0.0,0.0,1.0,0.0,0.0,0.0,1.0,5.0
822,1.0,0.0,1.0,1.0,0.0,1.0,0.0,1.0,0.0,1.0,6.0
823,1.0,1.0,0.0,0.0,0.0,0.0,1.0,0.0,1.0,1.0,5.0
824,1.0,0.0,0.0,1.0,1.0,0.0,0.0,1.0,0.0,0.0,4.0
825,1.0,0.0,0.0,0.0,1.0,1.0,1.0,1.0,0.0,0.0,5.0
826,1.0,0.0,0.0,1.0,1.0,0.0,0.0,0.0,0.0,0.0,3.0
827,1.0,0.0,1.0,1.0,1.0,0.0,0.0,1.0,1.0,1.0,7.0
828,0.0,0.0,1.0,0.0,1.0,1.0,0.0,1.0,1.0,0.0,5.0
829,1.0,0.0,1.0,1.0,1.0,0.0,0.0,1.0,1.0,0.0,6.0
830,0.0,1.0,0.0,0.0,0.0,0.0,1.0,1.0,1.0,0.0,4.0
831,0.0,1.0,1.0,1.0,1.0,1.0,1.0,1.0,0.0,0.0,7.0
832,1.0,1.0,1.0,0.0,1.0,0.0,1.0,1.0,0.0,0.0,6.0
833,1.0,0.0,0.0,0.0,0.0,0.0,0.0,0.0,0.0,0.0,1.0
834,0.0,1.0,1.0,1.0,1.0,0.0,0.0,0.0,1.0,0.0,5.0
835,0.0,1.0,0.0,1.0,0.0,0.0,1.0,1.0,1.0,1.0,6.0
836,1.0,0.0,1.0,0.0,1.0,1.0,1.0,0.0,0.0,1.0,6.0
837,0.0,0.0,0.0,1.0,0.0,0.0,1.0,1.0,0.0,1.0,4.0
838,1.0,1.0,1.0,0.0,0.0,1.0,1.0,0.0,0.0,1.0,6.0
839,1.0,0.0,0.0,1.0,1.0,1.0,1.0,1.0,0.0,1.0,7.0
840,0.0,0.0,0.0,0.0,1.0,1.0,1.0,0.0,1.0,0.0,4.0
841,1.0,0.0,0.0,1.0,0.0,0.0,1.0,1.0,1.0,1.0,6.0
842,0.0,1.0,1.0,0.0,1.0,0.0,0.0,0.0,0.0,1.0,4.0
843,0.0,0.0,0.0,0.0,1.0,0.0,1.0,1.0,1.0,1.0,5.0
844,1.0,1.0,0.0,0.0,0.0,0.0,1.0,1.0,1.0,1.0,6.0
845,0.0,1.0,1.0,0.0,0.0,0.0,1.0,0.0,1.0,1.0,5.0
846,0.0,1.0,0.0,1.0,1.0,1.0,1.0,0.0,1.0,1.0,7.0
847,0.0,0.0,1.0,1.0,1.0,1.0,0.0,0.0,1.0,0.0,5.0
848,1.0,1.0,0.0,0.0,0.0,0.0,0.0,1.0,0.0,1.0,4.0
849,1.0,0.0,1.0,1.0,0.0,1.0,1.0,0.0,0.0,1.0,6.0
850,0.0,0.0,0.0,0.0,0.0,0.0,0.0,0.0,1.0,1.0,2.0
851,1.0,0.0,0.0,0.0,1.0,0.0,1.0,0.0,1.0,1.0,5.0
852,1.0,1.0,1.0,0.0,0.0,0.0,1.0,1.0,0.0,0.0,5.0
853,0.0,1.0,1.0,0.0,1.0,1.0,0.0,1.0,0.0,1.0,6.0
854,1.0,1.0,0.0,0.0,0.0,1.0,0.0,0.0,1.0,1.0,5.0
855,1.0,1.0,1.0,0.0,0.0,1.0,0.0,1.0,1.0,1.0,7.0
856,0.0,0.0,1.0,1.0,1.0,1.0,0.0,1.0,0.0,1.0,6.0
857,0.0,1.0,0.0,1.0,0.0,1.0,0.0,0.0,1.0,0.0,4.0
858,1.0,0.0,1.0,1.0,1.0,1.0,1.0,0.0,0.0,0.0,6.0
859,1.0,1.0,1.0,1.0,0.0,1.0,0.0,1.0,0.0,0.0,6.0
860,0.0,0.0,0.0,1.0,0.0,0.0,0.0,1.0,0.0,1.0,3.0
861,0.0,0.0,1.0,0.0,1.0,0.0,0.0,0.0,0.0,1.0,3.0
862,0.0,1.0,0.0,1.0,0.0,0.0,0.0,0.0,1.0,1.0,4.0
863,1.0,0.0,0.0,0.0,0.0,1.0,0.0,0.0,0.0,0.0,2.0
864,1.0,1.0,0.0,1.0,1.0,0.0,1.0,0.0,0.0,1.0,6.0
865,0.0,0.0,0.0,1.0,0.0,1.0,0.0,1.0,0.0,0.0,3.0
866,0.0,1.0,0.0,1.0,0.0,1.0,1.0,0.0,0.0,1.0,5.0
867,0.0,1.0,1.0,0.0,1.0,0.0,0.0,0.0,0.0,0.0,3.0
868,1.0,1.0,0.0,0.0,0.0,1.0,1.0,0.0,1.0,1.0,6.0
869,1.0,1.0,1.0,0.0,0.0,0.0,1.0,0.0,1.0,0.0,5.0
870,1.0,0.0,1.0,0.0,1.0,1.0,1.0,0.0,1.0,0.0,6.0
871,0.0,1.0,0.0,1.0,0.0,1.0,1.0,1.0,1.0,0.0,6.0
872,1.0,0.0,0.0,1.0,0.0,1.0,1.0,0.0,0.0,0.0,4.0
873,1.0,1.0,1.0,0.0,0.0,0.0,1.0,1.0,0.0,1.0,6.0
874,1.0,1.0,1.0,0.0,0.0,0.0,0.0,0.0,1.0,0.0,4.0
875,0.0,1.0,0.0,0.0,1.0,1.0,0.0,0.0,1.0,0.0,4.0
876,0.0,1.0,0.0,0.0,0.0,0.0,0.0,1.0,0.0,1.0,3.0
877,0.0,1.0,0.0,0.0,0.0,0.0,0.0,1.0,0.0,1.0,3.0
878,0.0,1.0,1.0,0.0,0.0,0.0,1.0,0.0,0.0,0.0,3.0
879,0.0,1.0,1.0,0.0,1.0,0.0,0.0,1.0,0.0,1.0,5.0
880,0.0,1.0,1.0,0.0,1.0,0.0,1.0,1.0,0.0,0.0,5.0
881,1.0,1.0,0.0,1.0,0.0,0.0,1.0,0.0,0.0,0.0,4.0
882,0.0,1.0,0.0,1.0,0.0,1.0,1.0,0.0,1.0,0.0,5.0
883,0.0,0.0,1.0,0.0,1.0,0.0,1.0,0.0,1.0,1.0,5.0
884,0.0,1.0,1.0,0.0,1.0,1.0,0.0,0.0,1.0,0.0,5.0
885,1.0,0.0,1.0,0.0,1.0,0.0,0.0,0.0,1.0,0.0,4.0
886,1.0,0.0,0.0,0.0,1.0,1.0,1.0,1.0,0.0,0.0,5.0
887,0.0,0.0,0.0,0.0,1.0,0.0,0.0,1.0,1.0,1.0,4.0
888,0.0,1.0,0.0,1.0,1.0,1.0,1.0,1.0,1.0,1.0,8.0
889,0.0,0.0,1.0,0.0,0.0,1.0,1.0,0.0,1.0,0.0,4.0
890,0.0,1.0,0.0,1.0,1.0,0.0,0.0,0.0,0.0,1.0,4.0
891,1.0,0.0,0.0,1.0,1.0,1.0,0.0,1.0,0.0,1.0,6.0
892,1.0,0.0,0.0,0.0,0.0,1.0,0.0,0.0,0.0,0.0,2.0
893,1.0,1.0,1.0,1.0,1.0,1.0,1.0,1.0,0.0,0.0,8.0
894,1.0,0.0,0.0,1.0,0.0,0.0,1.0,1.0,1.0,1.0,6.0
895,1.0,1.0,1.0,0.0,0.0,0.0,1.0,0.0,0.0,1.0,5.0
896,1.0,1.0,0.0,0.0,0.0,1.0,1.0,0.0,0.0,0.0,4.0
897,0.0,1.0,1.0,0.0,1.0,0.0,1.0,0.0,1.0,1.0,6.0
898,1.0,1.0,1.0,1.0,0.0,1.0,1.0,1.0,0.0,0.0,7.0
899,0.0,0.0,1.0,0.0,1.0,0.0,1.0,0.0,1.0,1.0,5.0
900,0.0,1.0,0.0,1.0,1.0,1.0,0.0,1.0,0.0,1.0,6.0
901,0.0,1.0,1.0,0.0,0.0,1.0,0.0,1.0,1.0,0.0,5.0
902,0.0,1.0,0.0,1.0,1.0,0.0,0.0,1.0,0.0,1.0,5.0
903,1.0,1.0,0.0,0.0,1.0,0.0,1.0,1.0,0.0,0.0,5.0
904,1.0,1.0,0.0,1.0,1.0,1.0,0.0,1.0,0.0,1.0,7.0
905,0.0,0.0,1.0,1.0,0.0,1.0,0.0,1.0,0.0,1.0,5.0
906,1.0,0.0,0.0,0.0,0.0,0.0,1.0,1.0,0.0,1.0,4.0
907,1.0,1.0,1.0,1.0,1.0,0.0,1.0,1.0,0.0,1.0,8.0
908,1.0,1.0,1.0,1.0,1.0,0.0,0.0,0.0,0.0,0.0,5.0
909,1.0,0.0,0.0,0.0,1.0,0.0,1.0,0.0,0.0,1.0,4.0
910,1.0,0.0,1.0,1.0,0.0,0.0,1.0,1.0,0.0,0.0,5.0
911,1.0,0.0,1.0,1.0,0.0,0.0,0.0,0.0,0.0,1.0,4.0
912,0.0,0.0,0.0,1.0,1.0,0.0,1.0,0.0,1.0,0.0,4.0
913,0.0,0.0,1.0,0.0,1.0,0.0,0.0,1.0,0.0,1.0,4.0
914,0.0,0.0,0.0,1.0,0.0,1.0,0.0,0.0,0.0,0.0,2.0
915,1.0,0.0,0.0,0.0,0.0,1.0,1.0,1.0,1.0,1.0,6.0
916,0.0,0.0,1.0,1.0,0.0,0.0,0.0,1.0,1.0,1.0,5.0
917,0.0,0.0,1.0,1.0,1.0,1.0,1.0,0.0,1.0,0.0,6.0
918,0.0,1.0,0.0,1.0,0.0,0.0,1.0,1.0,1.0,0.0,5.0
919,0.0,1.0,1.0,0.0,0.0,1.0,0.0,1.0,1.0,0.0,5.0
920,0.0,1.0,1.0,0.0,1.0,0.0,1.0,1.0,1.0,0.0,6.0
921,0.0,1.0,1.0,0.0,0.0,1.0,0.0,0.0,1.0,0.0,4.0
922,0.0,0.0,1.0,1.0,1.0,0.0,0.0,1.0,1.0,1.0,6.0
923,1.0,1.0,0.0,0.0,0.0,0.0,1.0,1.0,0.0,1.0,5.0
924,0.0,0.0,0.0,0.0,0.0,1.0,1.0,0.0,0.0,1.0,3.0
925,0.0,1.0,1.0,0.0,1.0,0.0,1.0,0.0,0.0,0.0,4.0
926,1.0,0.0,1.0,1.0,0.0,1.0,0.0,1.0,0.0,0.0,5.0
927,1.0,1.0,0.0,1.0,1.0,1.0,0.0,1.0,1.0,1.0,8.0
928,0.0,1.0,1.0,0.0,1.0,0.0,0.0,1.0,1.0,0.0,5.0
929,1.0,0.0,1.0,1.0,1.0,1.0,0.0,0.0,1.0,0.0,6.0
930,1.0,0.0,1.0,0.0,0.0,1.0,0.0,0.0,1.0,1.0,5.0
931,1.0,0.0,0.0,1.0,1.0,1.0,1.0,1.0,1.0,0.0,7.0
932,0.0,1.0,0.0,0.0,0.0,1.0,1.0,1.0,1.0,0.0,5.0
933,1.0,0.0,0.0,1.0,1.0,1.0,1.0,0.0,0.0,0.0,5.0
934,0.0,1.0,0.0,1.0,1.0,1.0,0.0,0.0,0.0,1.0,5.0
935,0.0,1.0,1.0,0.0,0.0,1.0,0.0,0.0,1.0,0.0,4.0
936,0.0,0.0,0.0,1.0,0.0,0.0,0.0,1.0,1.0,0.0,3.0
937,0.0,0.0,1.0,1.0,1.0,1.0,1.0,1.0,1.0,1.0,8.0
938,1.0,1.0,1.0,1.0,0.0,0.0,1.0,1.0,0.0,0.0,6.0
939,1.0,0.0,1.0,1.0,1.0,1.0,0.0,0.0,0.0,0.0,5.0
940,1.0,1.0,1.0,1.0,0.0,1.0,0.0,0.0,1.0,1.0,7.0
941,1.0,1.0,1.0,0.0,1.0,1.0,1.0,1.0,1.0,1.0,9.0
942,1.0,1.0,1.0,0.0,1.0,1.0,1.0,1.0,0.0,1.0,8.0
943,1.0,1.0,1.0,0.0,1.0,1.0,1.0,0.0,0.0,0.0,6.0
944,0.0,0.0,0.0,1.0,0.0,1.0,1.0,0.0,1.0,1.0,5.0
945,0.0,1.0,0.0,0.0,0.0,1.0,0.0,0.0,1.0,1.0,4.0
946,1.0,0.0,0.0,1.0,1.0,1.0,0.0,0.0,0.0,1.0,5.0
947,1.0,1.0,1.0,1.0,0.0,1.0,0.0,1.0,0.0,0.0,6.0
948,0.0,1.0,1.0,1.0,1.0,1.0,0.0,0.0,1.0,0.0,6.0
949,1.0,0.0,1.0,0.0,0.0,0.0,1.0,1.0,0.0,0.0,4.0
950,1.0,0.0,1.0,1.0,1.0,0.0,0.0,0.0,0.0,1.0,5.0
951,1.0,1.0,0.0,1.0,0.0,0.0,1.0,1.0,1.0,0.0,6.0
952,1.0,1.0,0.0,0.0,0.0,1.0,1.0,1.0,1.0,0.0,6.0
953,0.0,1.0,0.0,1.0,1.0,1.0,1.0,1.0,1.0,0.0,7.0
954,0.0,1.0,1.0,1.0,1.0,1.0,0.0,0.0,1.0,0.0,6.0
955,0.0,0.0,1.0,1.0,1.0,0.0,1.0,0.0,0.0,1.0,5.0
956,1.0,0.0,1.0,0.0,1.0,0.0,0.0,0.0,1.0,0.0,4.0
957,0.0,1.0,1.0,0.0,1.0,1.0,1.0,0.0,0.0,0.0,5.0
958,0.0,0.0,0.0,0.0,0.0,1.0,1.0,1.0,0.0,1.0,4.0
959,1.0,1.0,0.0,1.0,1.0,1.0,0.0,0.0,1.0,1.0,7.0
960,1.0,0.0,1.0,1.0,0.0,1.0,0.0,0.0,0.0,1.0,5.0
961,1.0,0.0,0.0,1.0,0.0,0.0,1.0,1.0,0.0,1.0,5.0
962,1.0,1.0,0.0,0.0,0.0,0.0,0.0,0.0,1.0,1.0,4.0
963,1.0,1.0,1.0,1.0,0.0,0.0,1.0,1.0,0.0,1.0,7.0
964,0.0,1.0,0.0,1.0,1.0,1.0,0.0,0.0,0.0,0.0,4.0
965,0.0,0.0,1.0,1.0,0.0,0.0,1.0,0.0,0.0,0.0,3.0
966,1.0,1.0,0.0,0.0,1.0,1.0,1.0,0.0,1.0,1.0,7.0
967,0.0,1.0,1.0,0.0,0.0,1.0,0.0,0.0,0.0,0.0,3.0
968,1.0,0.0,1.0,0.0,0.0,0.0,1.0,1.0,1.0,0.0,5.0
969,1.0,0.0,0.0,1.0,0.0,1.0,0.0,1.0,0.0,1.0,5.0
970,0.0,1.0,0.0,0.0,1.0,1.0,0.0,1.0,1.0,1.0,6.0
971,0.0,0.0,1.0,1.0,1.0,1.0,1.0,1.0,0.0,1.0,7.0
972,1.0,0.0,0.0,1.0,1.0,0.0,1.0,0.0,1.0,1.0,6.0
973,0.0,1.0,0.0,1.0,1.0,0.0,1.0,0.0,0.0,0.0,4.0
974,1.0,0.0,0.0,1.0,1.0,0.0,1.0,0.0,0.0,1.0,5.0
975,0.0,1.0,0.0,0.0,1.0,0.0,0.0,0.0,1.0,1.0,4.0
976,0.0,1.0,0.0,1.0,1.0,0.0,1.0,1.0,0.0,0.0,5.0
977,1.0,1.0,0.0,0.0,1.0,1.0,1.0,0.0,1.0,1.0,7.0
978,1.0,1.0,1.0,0.0,0.0,0.0,1.0,0.0,0.0,0.0,4.0
979,0.0,0.0,0.0,1.0,1.0,1.0,0.0,0.0,1.0,1.0,5.0
980,1.0,0.0,1.0,0.0,1.0,0.0,1.0,1.0,0.0,1.0,6.0
981,0.0,0.0,1.0,1.0,0.0,0.0,0.0,1.0,0.0,0.0,3.0
982,1.0,0.0,0.0,0.0,0.0,1.0,0.0,0.0,0.0,1.0,3.0
983,1.0,1.0,0.0,0.0,0.0,0.0,0.0,0.0,1.0,1.0,4.0
984,0.0,0.0,1.0,0.0,1.0,1.0,0.0,0.0,0.0,1.0,4.0
985,0.0,0.0,0.0,1.0,0.0,0.0,1.0,1.0,1.0,0.0,4.0
986,0.0,0.0,0.0,1.0,0.0,1.0,0.0,1.0,1.0,0.0,4.0
987,1.0,0.0,0.0,0.0,1.0,0.0,0.0,0.0,0.0,0.0,2.0
988,1.0,0.0,0.0,0.0,1.0,0.0,0.0,1.0,1.0,0.0,4.0
989,0.0,0.0,1.0,0.0,0.0,0.0,1.0,0.0,1.0,0.0,3.0
990,1.0,1.0,0.0,1.0,0.0,1.0,1.0,0.0,0.0,1.0,6.0
991,1.0,1.0,0.0,1.0,1.0,1.0,1.0,1.0,1.0,0.0,8.0
992,1.0,1.0,1.0,1.0,0.0,0.0,1.0,0.0,0.0,1.0,6.0
993,0.0,1.0,1.0,0.0,1.0,1.0,0.0,0.0,1.0,1.0,6.0
994,1.0,0.0,1.0,1.0,0.0,0.0,0.0,0.0,0.0,0.0,3.0
995,1.0,1.0,0.0,1.0,1.0,1.0,0.0,1.0,1.0,1.0,8.0
996,0.0,1.0,1.0,0.0,1.0,0.0,1.0,1.0,0.0,0.0,5.0
997,1.0,0.0,0.0,1.0,0.0,1.0,1.0,0.0,0.0,0.0,4.0
998,1.0,0.0,0.0,0.0,1.0,1.0,0.0,1.0,1.0,1.0,6.0
999,1.0,1.0,1.0,1.0,1.0,1.0,0.0,1.0,0.0,1.0,8.0
